Plik,Skrót,Nazwa
./mnt/data/Regaty\2015\Ekstraklasa\Runda 1\2015 ekstraklasa - Szczecin.csv,JKW,Jachtklub Wielkopolski Poznań
./mnt/data/Regaty\2015\Ekstraklasa\Runda 1\2015 ekstraklasa - Szczecin.csv,JKM,Jachtklub Gryf Gdynia
./mnt/data/Regaty\2015\Ekstraklasa\Runda 1\2015 ekstraklasa - Szczecin.csv,YCS,Yacht Club Sopot
./mnt/data/Regaty\2015\Ekstraklasa\Runda 1\2015 ekstraklasa - Szczecin.csv,YKS,YKP Szczecin
./mnt/data/Regaty\2015\Ekstraklasa\Runda 1\2015 ekstraklasa - Szczecin.csv,OST,Klub Żeglarski Ostróda
./mnt/data/Regaty\2015\Ekstraklasa\Runda 1\2015 ekstraklasa - Szczecin.csv,MUKZ,MUKŻ Bałtyk Mielno
./mnt/data/Regaty\2015\Ekstraklasa\Runda 1\2015 ekstraklasa - Szczecin.csv,GOR,KS Górnik Boguszowice
./mnt/data/Regaty\2015\Ekstraklasa\Runda 1\2015 ekstraklasa - Szczecin.csv,DZY,PŻKS Dźygit Białystok
./mnt/data/Regaty\2015\Ekstraklasa\Runda 1\2015 ekstraklasa - Szczecin.csv,HORN,KŻ Horn Kraków
./mnt/data/Regaty\2015\Ekstraklasa\Runda 2\2015 ekstraklasa - Świnoujście.csv,YKS,YKP Szczecin
./mnt/data/Regaty\2015\Ekstraklasa\Runda 2\2015 ekstraklasa - Świnoujście.csv,JKW,Jachtklub Wielkopolski Poznań
./mnt/data/Regaty\2015\Ekstraklasa\Runda 2\2015 ekstraklasa - Świnoujście.csv,GOR,KS Górnik Boguszowice
./mnt/data/Regaty\2015\Ekstraklasa\Runda 2\2015 ekstraklasa - Świnoujście.csv,JKM,Jacht Klub Gryf Gdynia
./mnt/data/Regaty\2015\Ekstraklasa\Runda 2\2015 ekstraklasa - Świnoujście.csv,YCS,Yacht Club Sopot
./mnt/data/Regaty\2015\Ekstraklasa\Runda 2\2015 ekstraklasa - Świnoujście.csv,MUKZ,MUKŻ Bałtyk Mielno
./mnt/data/Regaty\2015\Ekstraklasa\Runda 2\2015 ekstraklasa - Świnoujście.csv,KSO,Klub Żeglarski Ostróda
./mnt/data/Regaty\2015\Ekstraklasa\Runda 2\2015 ekstraklasa - Świnoujście.csv,DZY,PŻKS Dźygit Białystok
./mnt/data/Regaty\2015\Ekstraklasa\Runda 3\2015 ekstraklasa - Gdańsk.csv,MOS,MOS Iława
./mnt/data/Regaty\2015\Ekstraklasa\Runda 3\2015 ekstraklasa - Gdańsk.csv,YCS,Yacht Club Sopot
./mnt/data/Regaty\2015\Ekstraklasa\Runda 3\2015 ekstraklasa - Gdańsk.csv,YKS,YKP Szczecin
./mnt/data/Regaty\2015\Ekstraklasa\Runda 3\2015 ekstraklasa - Gdańsk.csv,JKW,Jachtklub Wielkopolski Poznań
./mnt/data/Regaty\2015\Ekstraklasa\Runda 3\2015 ekstraklasa - Gdańsk.csv,GOR,KS Górnik Boguszowice
./mnt/data/Regaty\2015\Ekstraklasa\Runda 3\2015 ekstraklasa - Gdańsk.csv,JKM,Jacht Klub Gryf Gdynia
./mnt/data/Regaty\2015\Ekstraklasa\Runda 3\2015 ekstraklasa - Gdańsk.csv,DZY,PŻKS Dźygit Białystok
./mnt/data/Regaty\2015\Ekstraklasa\Runda 3\2015 ekstraklasa - Gdańsk.csv,MUKZ,MUKŻ Bałtyk Mielno
./mnt/data/Regaty\2015\Ekstraklasa\Runda 3\2015 ekstraklasa - Gdańsk.csv,OST,Klub Żeglarski Ostróda
./mnt/data/Regaty\2015\Ekstraklasa\Runda 3\2015 ekstraklasa - Gdańsk.csv,YKW,YKP Warszawa
./mnt/data/Regaty\2015\Ekstraklasa\Runda 4\2015 ekstraklasa - Sopot.csv,YCS,Yacht Club Sopot
./mnt/data/Regaty\2015\Ekstraklasa\Runda 4\2015 ekstraklasa - Sopot.csv,MOS,MOS Iława
./mnt/data/Regaty\2015\Ekstraklasa\Runda 4\2015 ekstraklasa - Sopot.csv,YKS,YKP Szczecin
./mnt/data/Regaty\2015\Ekstraklasa\Runda 4\2015 ekstraklasa - Sopot.csv,GOR,KS Górnik Boguszowice
./mnt/data/Regaty\2015\Ekstraklasa\Runda 4\2015 ekstraklasa - Sopot.csv,JKW,Jachtklub Wielkopolski Poznań
./mnt/data/Regaty\2015\Ekstraklasa\Runda 4\2015 ekstraklasa - Sopot.csv,GRY,Jacht klub Gryf Gdynia
./mnt/data/Regaty\2015\Ekstraklasa\Runda 4\2015 ekstraklasa - Sopot.csv,DZY,PŻKS Dźygit Białystok
./mnt/data/Regaty\2015\Ekstraklasa\Runda 4\2015 ekstraklasa - Sopot.csv,OST,Klub Żeglarski Ostróda
./mnt/data/Regaty\2015\Ekstraklasa\Runda 4\2015 ekstraklasa - Sopot.csv,MUKZ,MUKŻ Bałtyk Mielno
./mnt/data/Regaty\2015\Ekstraklasa\Runda 4\2015 ekstraklasa - Sopot.csv,YKW,YKP Warszawa
./mnt/data/Regaty\2016\Ekstraklasa\Runda 1\2016 ekstraklasa - Szczecin.csv,RMR,MBSW Rainmaker Giżycko
./mnt/data/Regaty\2016\Ekstraklasa\Runda 1\2016 ekstraklasa - Szczecin.csv,TZR,DTP PMT TŻR Szczecin
./mnt/data/Regaty\2016\Ekstraklasa\Runda 1\2016 ekstraklasa - Szczecin.csv,YCS,Yacht Club Sopot
./mnt/data/Regaty\2016\Ekstraklasa\Runda 1\2016 ekstraklasa - Szczecin.csv,DZY,PŻKS DŻYGIT Białystok
./mnt/data/Regaty\2016\Ekstraklasa\Runda 1\2016 ekstraklasa - Szczecin.csv,GKZ,Procad GKŻ Gdańsk
./mnt/data/Regaty\2016\Ekstraklasa\Runda 1\2016 ekstraklasa - Szczecin.csv,JKKP,Jacht Klub Kamień Pomorski
./mnt/data/Regaty\2016\Ekstraklasa\Runda 1\2016 ekstraklasa - Szczecin.csv,PGR,AZS Politechnika Gdańska
./mnt/data/Regaty\2016\Ekstraklasa\Runda 1\2016 ekstraklasa - Szczecin.csv,MOS,SailingEvent MOS Iława
./mnt/data/Regaty\2016\Ekstraklasa\Runda 1\2016 ekstraklasa - Szczecin.csv,JKW,HRM Racing JKW Poznań
./mnt/data/Regaty\2016\Ekstraklasa\Runda 1\2016 ekstraklasa - Szczecin.csv,SZT,Sztorm Grupa Warszawa
./mnt/data/Regaty\2016\Ekstraklasa\Runda 1\2016 ekstraklasa - Szczecin.csv,JKM,Windward Jacht Klub Gryf Gdynia
./mnt/data/Regaty\2016\Ekstraklasa\Runda 1\2016 ekstraklasa - Szczecin.csv,REW,Baltic Trans Yacht Club Rewa
./mnt/data/Regaty\2016\Ekstraklasa\Runda 1\2016 ekstraklasa - Szczecin.csv,AWK,AWF Katowice
./mnt/data/Regaty\2016\Ekstraklasa\Runda 2\2016 ekstraklasa - Świnoujście.csv,JKKP,Jacht Klub Kamień Pomorski
./mnt/data/Regaty\2016\Ekstraklasa\Runda 2\2016 ekstraklasa - Świnoujście.csv,TZR,DTP PMT TŻR Szczecin
./mnt/data/Regaty\2016\Ekstraklasa\Runda 2\2016 ekstraklasa - Świnoujście.csv,RMR,MBSW Rainmaker Giżycko
./mnt/data/Regaty\2016\Ekstraklasa\Runda 2\2016 ekstraklasa - Świnoujście.csv,SZT,Sztorm Grupa Warszawa
./mnt/data/Regaty\2016\Ekstraklasa\Runda 2\2016 ekstraklasa - Świnoujście.csv,JKW,HRM Racing JKW Poznań
./mnt/data/Regaty\2016\Ekstraklasa\Runda 2\2016 ekstraklasa - Świnoujście.csv,AWK,AWF Katowice
./mnt/data/Regaty\2016\Ekstraklasa\Runda 2\2016 ekstraklasa - Świnoujście.csv,PGR,AZS Politechnika Gdańska
./mnt/data/Regaty\2016\Ekstraklasa\Runda 2\2016 ekstraklasa - Świnoujście.csv,DZY,PŻKS DŻYGIT Białystok
./mnt/data/Regaty\2016\Ekstraklasa\Runda 2\2016 ekstraklasa - Świnoujście.csv,JKM,Windward Jacht Klub Gryf Gdynia
./mnt/data/Regaty\2016\Ekstraklasa\Runda 2\2016 ekstraklasa - Świnoujście.csv,YCS,Yacht Club Sopot
./mnt/data/Regaty\2016\Ekstraklasa\Runda 2\2016 ekstraklasa - Świnoujście.csv,REW,Baltic Trans Yacht Club Rewa
./mnt/data/Regaty\2016\Ekstraklasa\Runda 2\2016 ekstraklasa - Świnoujście.csv,GKZ,Procad GKŻ Gdańsk
./mnt/data/Regaty\2016\Ekstraklasa\Runda 3\2016 ekstraklasa - Gdynia.csv,PGR,AZS Politechnika Gdańska
./mnt/data/Regaty\2016\Ekstraklasa\Runda 3\2016 ekstraklasa - Gdynia.csv,REW,Baltic Trans Yacht Club Rewa
./mnt/data/Regaty\2016\Ekstraklasa\Runda 3\2016 ekstraklasa - Gdynia.csv,MOS,SailingEvent MOS Iława
./mnt/data/Regaty\2016\Ekstraklasa\Runda 3\2016 ekstraklasa - Gdynia.csv,GKZ,Procad GKŻ Gdańsk
./mnt/data/Regaty\2016\Ekstraklasa\Runda 3\2016 ekstraklasa - Gdynia.csv,SZT,Sztorm Grupa Warszawa
./mnt/data/Regaty\2016\Ekstraklasa\Runda 3\2016 ekstraklasa - Gdynia.csv,JKKP,Jacht Klub Kamień Pomorski
./mnt/data/Regaty\2016\Ekstraklasa\Runda 3\2016 ekstraklasa - Gdynia.csv,JKW,HRM Racing JKW Poznań
./mnt/data/Regaty\2016\Ekstraklasa\Runda 3\2016 ekstraklasa - Gdynia.csv,AWK,AWF Katowice
./mnt/data/Regaty\2016\Ekstraklasa\Runda 3\2016 ekstraklasa - Gdynia.csv,JKM,Windward Jacht Klub Gryf Gdynia
./mnt/data/Regaty\2016\Ekstraklasa\Runda 3\2016 ekstraklasa - Gdynia.csv,TZR,DTP PMT TŻR Szczecin
./mnt/data/Regaty\2016\Ekstraklasa\Runda 3\2016 ekstraklasa - Gdynia.csv,YCS,Yacht Club Sopot
./mnt/data/Regaty\2016\Ekstraklasa\Runda 3\2016 ekstraklasa - Gdynia.csv,RMR,MBSW Rainmaker Giżycko
./mnt/data/Regaty\2016\Ekstraklasa\Runda 3\2016 ekstraklasa - Gdynia.csv,DZY,PŻKS DŻYGIT Białystok
./mnt/data/Regaty\2016\Ekstraklasa\Runda 4\2016 ekstraklasa - Sopot.csv,MOS,SailingEvent MOS Iława
./mnt/data/Regaty\2016\Ekstraklasa\Runda 4\2016 ekstraklasa - Sopot.csv,PGR,AZS Politechnika Gdańska
./mnt/data/Regaty\2016\Ekstraklasa\Runda 4\2016 ekstraklasa - Sopot.csv,YCS,Yacht Club Sopot
./mnt/data/Regaty\2016\Ekstraklasa\Runda 4\2016 ekstraklasa - Sopot.csv,RMR,MBSW Rainmaker Giżycko
./mnt/data/Regaty\2016\Ekstraklasa\Runda 4\2016 ekstraklasa - Sopot.csv,JKKP,Jacht Klub Kamień Pomorski
./mnt/data/Regaty\2016\Ekstraklasa\Runda 4\2016 ekstraklasa - Sopot.csv,TZR,DTP PMT TŻR Szczecin
./mnt/data/Regaty\2016\Ekstraklasa\Runda 4\2016 ekstraklasa - Sopot.csv,AWK,AWF Katowice
./mnt/data/Regaty\2016\Ekstraklasa\Runda 4\2016 ekstraklasa - Sopot.csv,GKZ,Procad GKŻ Gdańsk
./mnt/data/Regaty\2016\Ekstraklasa\Runda 4\2016 ekstraklasa - Sopot.csv,JKW,HRM Racing JKW Poznań
./mnt/data/Regaty\2016\Ekstraklasa\Runda 4\2016 ekstraklasa - Sopot.csv,JKM,Windward Jacht Klub Gryf Gdynia
./mnt/data/Regaty\2016\Ekstraklasa\Runda 4\2016 ekstraklasa - Sopot.csv,DZY,PŻKS DŻYGIT Białystok
./mnt/data/Regaty\2016\Ekstraklasa\Runda 4\2016 ekstraklasa - Sopot.csv,SZT,Sztorm Grupa Warszawa
./mnt/data/Regaty\2016\Ekstraklasa\Runda 4\2016 ekstraklasa - Sopot.csv,REW,Baltic Trans Yacht Club Rewa
./mnt/data/Regaty\2017\Ekstraklasa\Runda 1\2017 ekstraklasa - Sopot.csv,MOS,MOS Ilawa
./mnt/data/Regaty\2017\Ekstraklasa\Runda 1\2017 ekstraklasa - Sopot.csv,JKKP,Jacht Klub Kamien Pomorski
./mnt/data/Regaty\2017\Ekstraklasa\Runda 1\2017 ekstraklasa - Sopot.csv,YCS,Yacht Club Sopot
./mnt/data/Regaty\2017\Ekstraklasa\Runda 1\2017 ekstraklasa - Sopot.csv,TZR,PMT TZR Szczecin
./mnt/data/Regaty\2017\Ekstraklasa\Runda 1\2017 ekstraklasa - Sopot.csv,LEGIA,Legia Warszawa
./mnt/data/Regaty\2017\Ekstraklasa\Runda 1\2017 ekstraklasa - Sopot.csv,YCG,Yacht Club Gdańsk
./mnt/data/Regaty\2017\Ekstraklasa\Runda 1\2017 ekstraklasa - Sopot.csv,KPM,Klub Port Mechelinki
./mnt/data/Regaty\2017\Ekstraklasa\Runda 1\2017 ekstraklasa - Sopot.csv,JKM,JKM Gryf Gdynia
./mnt/data/Regaty\2017\Ekstraklasa\Runda 1\2017 ekstraklasa - Sopot.csv,YCS AWF,YC Sztag AWF Katowice
./mnt/data/Regaty\2017\Ekstraklasa\Runda 1\2017 ekstraklasa - Sopot.csv,DZYGIT,PZKS DZYGIT
./mnt/data/Regaty\2017\Ekstraklasa\Runda 1\2017 ekstraklasa - Sopot.csv,OKZ,Olsztynski Klub Zeglarski
./mnt/data/Regaty\2017\Ekstraklasa\Runda 1\2017 ekstraklasa - Sopot.csv,JKW,Jacht Klub Wielkopolski Poznań
./mnt/data/Regaty\2017\Ekstraklasa\Runda 2\2017 ekstraklasa - Świnoujście.csv,JKKP,Jacht Klub Kamien Pomorski
./mnt/data/Regaty\2017\Ekstraklasa\Runda 2\2017 ekstraklasa - Świnoujście.csv,TZR,PMT TZR Szczecin
./mnt/data/Regaty\2017\Ekstraklasa\Runda 2\2017 ekstraklasa - Świnoujście.csv,MOS,MOS Ilawa
./mnt/data/Regaty\2017\Ekstraklasa\Runda 2\2017 ekstraklasa - Świnoujście.csv,OKZ,Olsztynski Klub Zeglarski
./mnt/data/Regaty\2017\Ekstraklasa\Runda 2\2017 ekstraklasa - Świnoujście.csv,YCS,Yacht Club Sopot
./mnt/data/Regaty\2017\Ekstraklasa\Runda 2\2017 ekstraklasa - Świnoujście.csv,DZYGIT,PZKS DZYGIT
./mnt/data/Regaty\2017\Ekstraklasa\Runda 2\2017 ekstraklasa - Świnoujście.csv,JKM,JKM Gryf Gdynia
./mnt/data/Regaty\2017\Ekstraklasa\Runda 2\2017 ekstraklasa - Świnoujście.csv,YCS AWF,YC Sztag AWF Katowice
./mnt/data/Regaty\2017\Ekstraklasa\Runda 2\2017 ekstraklasa - Świnoujście.csv,YCG,Yacht Club Gdańsk
./mnt/data/Regaty\2017\Ekstraklasa\Runda 3\2017 ekstraklasa - Gdynia.csv,YCS,Yacht Club Sopot
./mnt/data/Regaty\2017\Ekstraklasa\Runda 3\2017 ekstraklasa - Gdynia.csv,JKKP,Jacht Klub Kamien Pomorski
./mnt/data/Regaty\2017\Ekstraklasa\Runda 3\2017 ekstraklasa - Gdynia.csv,OKZ,Olsztynski Klub Zeglarski
./mnt/data/Regaty\2017\Ekstraklasa\Runda 3\2017 ekstraklasa - Gdynia.csv,MOS,MOS Ilawa
./mnt/data/Regaty\2017\Ekstraklasa\Runda 3\2017 ekstraklasa - Gdynia.csv,DZYGIT,PZKS DZYGIT
./mnt/data/Regaty\2017\Ekstraklasa\Runda 3\2017 ekstraklasa - Gdynia.csv,LEGIA,Legia Warszawa
./mnt/data/Regaty\2017\Ekstraklasa\Runda 3\2017 ekstraklasa - Gdynia.csv,JKM,JKM Gryf Gdynia
./mnt/data/Regaty\2017\Ekstraklasa\Runda 3\2017 ekstraklasa - Gdynia.csv,YCG,Yacht Club Gdańsk
./mnt/data/Regaty\2017\Ekstraklasa\Runda 3\2017 ekstraklasa - Gdynia.csv,TZR,PMT TZR Szczecin
./mnt/data/Regaty\2017\Ekstraklasa\Runda 3\2017 ekstraklasa - Gdynia.csv,YCS AWF,YC Sztag AWF Katowice
./mnt/data/Regaty\2017\Ekstraklasa\Runda 4\2017 ekstraklasa - Szczecin.csv,YCS,Yacht Club Sopot
./mnt/data/Regaty\2017\Ekstraklasa\Runda 4\2017 ekstraklasa - Szczecin.csv,OKZ,Olsztynski Klub Zeglarski
./mnt/data/Regaty\2017\Ekstraklasa\Runda 4\2017 ekstraklasa - Szczecin.csv,MOS,MOS Ilawa
./mnt/data/Regaty\2017\Ekstraklasa\Runda 4\2017 ekstraklasa - Szczecin.csv,JKKP,Jacht Klub Kamien Pomorski
./mnt/data/Regaty\2017\Ekstraklasa\Runda 4\2017 ekstraklasa - Szczecin.csv,TZR,PMT TZR Szczecin
./mnt/data/Regaty\2017\Ekstraklasa\Runda 4\2017 ekstraklasa - Szczecin.csv,LEGIA,Legia Warszawa
./mnt/data/Regaty\2017\Ekstraklasa\Runda 4\2017 ekstraklasa - Szczecin.csv,YCS AWF,YC Sztag AWF Katowice
./mnt/data/Regaty\2017\Ekstraklasa\Runda 4\2017 ekstraklasa - Szczecin.csv,JKM,JKM Gryf Gdynia
./mnt/data/Regaty\2017\Ekstraklasa\Runda 4\2017 ekstraklasa - Szczecin.csv,DZYGIT,PZKS DZYGIT
./mnt/data/Regaty\2018\Ekstraklasa\Runda 1\2018 ekstraklasa - Gdynia.csv,JEZ,Yacht Club Jeziorak
./mnt/data/Regaty\2018\Ekstraklasa\Runda 1\2018 ekstraklasa - Gdynia.csv,OKZ,Olsztynski Klub Zeglarski
./mnt/data/Regaty\2018\Ekstraklasa\Runda 1\2018 ekstraklasa - Gdynia.csv,POG,SEJK Pogon Szczecin
./mnt/data/Regaty\2018\Ekstraklasa\Runda 1\2018 ekstraklasa - Gdynia.csv,JK2,Jacht Klub Gryf Gdynia 2
./mnt/data/Regaty\2018\Ekstraklasa\Runda 1\2018 ekstraklasa - Gdynia.csv,DZY,PZKS Dzygit Bialystok
./mnt/data/Regaty\2018\Ekstraklasa\Runda 1\2018 ekstraklasa - Gdynia.csv,YCS,Yacht Club Sopot
./mnt/data/Regaty\2018\Ekstraklasa\Runda 1\2018 ekstraklasa - Gdynia.csv,LEG,Legia Warszawa
./mnt/data/Regaty\2018\Ekstraklasa\Runda 1\2018 ekstraklasa - Gdynia.csv,JKM,Jacht Klub Gryf Gdynia
./mnt/data/Regaty\2018\Ekstraklasa\Runda 1\2018 ekstraklasa - Gdynia.csv,WTZ,Warszawskie Towarzystwo Zeglarskie
./mnt/data/Regaty\2018\Ekstraklasa\Runda 1\2018 ekstraklasa - Gdynia.csv,ODY,Odyssey Sailing Club
./mnt/data/Regaty\2018\Ekstraklasa\Runda 1\2018 ekstraklasa - Gdynia.csv,YC2,Yacht Club Sopot 2
./mnt/data/Regaty\2018\Ekstraklasa\Runda 1\2018 ekstraklasa - Gdynia.csv,BOL,Sailing Team Boleslawiec
./mnt/data/Regaty\2018\Ekstraklasa\Runda 2\2018 ekstraklasa - Szczecin.csv,POG,SEJK Pogon Szczecin
./mnt/data/Regaty\2018\Ekstraklasa\Runda 2\2018 ekstraklasa - Szczecin.csv,JEZ,Yacht Club Jeziorak
./mnt/data/Regaty\2018\Ekstraklasa\Runda 2\2018 ekstraklasa - Szczecin.csv,LEG,Legia Warszawa
./mnt/data/Regaty\2018\Ekstraklasa\Runda 2\2018 ekstraklasa - Szczecin.csv,OKZ,Olsztynski Klub Zeglarski
./mnt/data/Regaty\2018\Ekstraklasa\Runda 2\2018 ekstraklasa - Szczecin.csv,JK2,Jacht Klub Gryf Gdynia 2
./mnt/data/Regaty\2018\Ekstraklasa\Runda 2\2018 ekstraklasa - Szczecin.csv,JKM,Jacht Klub Gryf Gdynia
./mnt/data/Regaty\2018\Ekstraklasa\Runda 2\2018 ekstraklasa - Szczecin.csv,WTZ,Warszawskie Towarzystwo Zeglarskie
./mnt/data/Regaty\2018\Ekstraklasa\Runda 2\2018 ekstraklasa - Szczecin.csv,YCS,Yacht Club Sopot
./mnt/data/Regaty\2018\Ekstraklasa\Runda 2\2018 ekstraklasa - Szczecin.csv,DZY,PZKS Dzygit Bialystok
./mnt/data/Regaty\2018\Ekstraklasa\Runda 2\2018 ekstraklasa - Szczecin.csv,ODY,Odyssey Sailing Club
./mnt/data/Regaty\2018\Ekstraklasa\Runda 2\2018 ekstraklasa - Szczecin.csv,YC2,Yacht Club Sopot 2
./mnt/data/Regaty\2018\Ekstraklasa\Runda 2\2018 ekstraklasa - Szczecin.csv,BOL,Sailing Team Boleslawiec
./mnt/data/Regaty\2018\Ekstraklasa\Runda 3\2018 ekstraklasa - Świnoujście.csv,OKZ,Olsztynski Klub Zeglarski
./mnt/data/Regaty\2018\Ekstraklasa\Runda 3\2018 ekstraklasa - Świnoujście.csv,YCS,Yacht Club Sopot
./mnt/data/Regaty\2018\Ekstraklasa\Runda 3\2018 ekstraklasa - Świnoujście.csv,JKM,Jacht Klub Gryf Gdynia
./mnt/data/Regaty\2018\Ekstraklasa\Runda 3\2018 ekstraklasa - Świnoujście.csv,JEZ,Yacht Club Jeziorak
./mnt/data/Regaty\2018\Ekstraklasa\Runda 3\2018 ekstraklasa - Świnoujście.csv,ODY,Odyssey Sailing Club
./mnt/data/Regaty\2018\Ekstraklasa\Runda 3\2018 ekstraklasa - Świnoujście.csv,LEG,Legia Warszawa
./mnt/data/Regaty\2018\Ekstraklasa\Runda 3\2018 ekstraklasa - Świnoujście.csv,POG,SEJK Pogon Szczecin
./mnt/data/Regaty\2018\Ekstraklasa\Runda 3\2018 ekstraklasa - Świnoujście.csv,WTZ,Warszawskie Towarzystwo Zeglarskie
./mnt/data/Regaty\2018\Ekstraklasa\Runda 3\2018 ekstraklasa - Świnoujście.csv,YC2,Yacht Club Sopot 2
./mnt/data/Regaty\2018\Ekstraklasa\Runda 3\2018 ekstraklasa - Świnoujście.csv,BOL,Sailing Team Boleslawiec
./mnt/data/Regaty\2018\Ekstraklasa\Runda 3\2018 ekstraklasa - Świnoujście.csv,DZY,PZKS Dzygit Bialystok
./mnt/data/Regaty\2018\Ekstraklasa\Runda 3\2018 ekstraklasa - Świnoujście.csv,ZEG,RKS Lasery Zegrze
./mnt/data/Regaty\2018\Ekstraklasa\Runda 4\2018 ekstraklasa - Sopot.csv,OKZ,Olsztynski Klub Zeglarski
./mnt/data/Regaty\2018\Ekstraklasa\Runda 4\2018 ekstraklasa - Sopot.csv,LEG,Legia Warszawa
./mnt/data/Regaty\2018\Ekstraklasa\Runda 4\2018 ekstraklasa - Sopot.csv,JEZ,Yacht Club Jeziorak
./mnt/data/Regaty\2018\Ekstraklasa\Runda 4\2018 ekstraklasa - Sopot.csv,POG,SEJK Pogon Szczecin
./mnt/data/Regaty\2018\Ekstraklasa\Runda 4\2018 ekstraklasa - Sopot.csv,YCS,Yacht Club Sopot
./mnt/data/Regaty\2018\Ekstraklasa\Runda 4\2018 ekstraklasa - Sopot.csv,ODY,Odyssey Sailing Club
./mnt/data/Regaty\2018\Ekstraklasa\Runda 4\2018 ekstraklasa - Sopot.csv,YC2,Yacht Club Sopot 2
./mnt/data/Regaty\2018\Ekstraklasa\Runda 4\2018 ekstraklasa - Sopot.csv,JKM,Jacht Klub Gryf Gdynia
./mnt/data/Regaty\2018\Ekstraklasa\Runda 4\2018 ekstraklasa - Sopot.csv,DZY,PZKS Dzygit Bialystok
./mnt/data/Regaty\2018\Ekstraklasa\Runda 4\2018 ekstraklasa - Sopot.csv,WTZ,Warszawskie Towarzystwo Zeglarskie
./mnt/data/Regaty\2018\Ekstraklasa\Runda 4\2018 ekstraklasa - Sopot.csv,ZEG,RKS Lasery Zegrze
./mnt/data/Regaty\2018\Ekstraklasa\Runda 4\2018 ekstraklasa - Sopot.csv,BOL,Sailing Team Boleslawiec
./mnt/data/Regaty\2019\1Liga\Runda 1\2019 1 Liga - Sopot (1).csv,YCG,Yacht Club Gdańsk
./mnt/data/Regaty\2019\1Liga\Runda 1\2019 1 Liga - Sopot (1).csv,YKP,Yacht Klub Polski Gdynia
./mnt/data/Regaty\2019\1Liga\Runda 1\2019 1 Liga - Sopot (1).csv,WOL,UKS Albatros Wolin
./mnt/data/Regaty\2019\1Liga\Runda 1\2019 1 Liga - Sopot (1).csv,77R,77racing Club
./mnt/data/Regaty\2019\1Liga\Runda 1\2019 1 Liga - Sopot (1).csv,JSG,Jachtklub Stoczni Gdańskiej
./mnt/data/Regaty\2019\1Liga\Runda 1\2019 1 Liga - Sopot (1).csv,JMZ,JK Między Żaglami
./mnt/data/Regaty\2019\1Liga\Runda 1\2019 1 Liga - Sopot (1).csv,AWF,AZS AWF Gdańsk
./mnt/data/Regaty\2019\1Liga\Runda 1\2019 1 Liga - Sopot (1).csv,POW,SKŻ Powidz
./mnt/data/Regaty\2019\1Liga\Runda 1\2019 1 Liga - Sopot (1).csv,LAS,RKS Lasery Zegrze
./mnt/data/Regaty\2019\1Liga\Runda 2\2019 1 Liga - Sopot (2).csv,YCG,Yacht Club Gdańsk
./mnt/data/Regaty\2019\1Liga\Runda 2\2019 1 Liga - Sopot (2).csv,77R,77racing Club
./mnt/data/Regaty\2019\1Liga\Runda 2\2019 1 Liga - Sopot (2).csv,YKP,Yacht Klub Polski Gdynia
./mnt/data/Regaty\2019\1Liga\Runda 2\2019 1 Liga - Sopot (2).csv,WOL,UKS Albatros Wolin
./mnt/data/Regaty\2019\1Liga\Runda 2\2019 1 Liga - Sopot (2).csv,JSG,Jachtklub Stoczni Gdańskiej
./mnt/data/Regaty\2019\1Liga\Runda 2\2019 1 Liga - Sopot (2).csv,AWF,AZS AWF Gdańsk
./mnt/data/Regaty\2019\1Liga\Runda 2\2019 1 Liga - Sopot (2).csv,POW,SKŻ Powidz
./mnt/data/Regaty\2019\1Liga\Runda 2\2019 1 Liga - Sopot (2).csv,JMZ,JK Między Żaglami
./mnt/data/Regaty\2019\1Liga\Runda 2\2019 1 Liga - Sopot (2).csv,LAS,RKS Lasery Zegrze
./mnt/data/Regaty\2019\1Liga\Runda 3\2019 1 Liga - Szczecin (1).csv,YCG,Yacht Club Gdańsk
./mnt/data/Regaty\2019\1Liga\Runda 3\2019 1 Liga - Szczecin (1).csv,WOL,UKS Albatros Wolin
./mnt/data/Regaty\2019\1Liga\Runda 3\2019 1 Liga - Szczecin (1).csv,77R,77racing Club
./mnt/data/Regaty\2019\1Liga\Runda 3\2019 1 Liga - Szczecin (1).csv,JMZ,JK Między Żaglami
./mnt/data/Regaty\2019\1Liga\Runda 3\2019 1 Liga - Szczecin (1).csv,YKP,Yacht Klub Polski Gdynia
./mnt/data/Regaty\2019\1Liga\Runda 3\2019 1 Liga - Szczecin (1).csv,JSG,Jachtklub Stoczni Gdańskiej
./mnt/data/Regaty\2019\1Liga\Runda 3\2019 1 Liga - Szczecin (1).csv,AWF,AZS AWF Gdańsk
./mnt/data/Regaty\2019\1Liga\Runda 3\2019 1 Liga - Szczecin (1).csv,LAS,RKS Lasery Zegrze
./mnt/data/Regaty\2019\1Liga\Runda 3\2019 1 Liga - Szczecin (1).csv,POW,SKŻ Powidz
./mnt/data/Regaty\2019\1Liga\Runda 4\2019 1 Liga - Szczecin (2).csv,YKP,Yacht Klub Polski Gdynia
./mnt/data/Regaty\2019\1Liga\Runda 4\2019 1 Liga - Szczecin (2).csv,YCG,Yacht Club Gdańsk
./mnt/data/Regaty\2019\1Liga\Runda 4\2019 1 Liga - Szczecin (2).csv,AWF,AZS AWF Gdańsk
./mnt/data/Regaty\2019\1Liga\Runda 4\2019 1 Liga - Szczecin (2).csv,WOL,UKS Albatros Wolin
./mnt/data/Regaty\2019\1Liga\Runda 4\2019 1 Liga - Szczecin (2).csv,JMZ,JK Między Żaglami
./mnt/data/Regaty\2019\1Liga\Runda 4\2019 1 Liga - Szczecin (2).csv,77R,77racing Club
./mnt/data/Regaty\2019\1Liga\Runda 4\2019 1 Liga - Szczecin (2).csv,JSG,Jachtklub Stoczni Gdańskiej
./mnt/data/Regaty\2019\1Liga\Runda 4\2019 1 Liga - Szczecin (2).csv,LAS,RKS Lasery Zegrze
./mnt/data/Regaty\2019\1Liga\Runda 4\2019 1 Liga - Szczecin (2).csv,POW,SKŻ Powidz
./mnt/data/Regaty\2019\Ekstraklasa\Runda 1\2019 Ekstraklasa - Sopot.csv,OKZ,Olsztyński Klub Żeglarski
./mnt/data/Regaty\2019\Ekstraklasa\Runda 1\2019 Ekstraklasa - Sopot.csv,LEG,Legia Warszawa
./mnt/data/Regaty\2019\Ekstraklasa\Runda 1\2019 Ekstraklasa - Sopot.csv,JEZ,Jeziorak Yacht Club
./mnt/data/Regaty\2019\Ekstraklasa\Runda 1\2019 Ekstraklasa - Sopot.csv,GIŻ,Giżycka Grupa Regatowa
./mnt/data/Regaty\2019\Ekstraklasa\Runda 1\2019 Ekstraklasa - Sopot.csv,IS2,KS Iskra AMW Gdynia
./mnt/data/Regaty\2019\Ekstraklasa\Runda 1\2019 Ekstraklasa - Sopot.csv,SZT,Sztorm Grupa
./mnt/data/Regaty\2019\Ekstraklasa\Runda 1\2019 Ekstraklasa - Sopot.csv,POG,SEJK Pogoń Szczecin
./mnt/data/Regaty\2019\Ekstraklasa\Runda 1\2019 Ekstraklasa - Sopot.csv,DZY,PZKS Dżygit Białystok
./mnt/data/Regaty\2019\Ekstraklasa\Runda 1\2019 Ekstraklasa - Sopot.csv,YCS,Yacht Club Sopot
./mnt/data/Regaty\2019\Ekstraklasa\Runda 1\2019 Ekstraklasa - Sopot.csv,JKM,JKM Gryf Gdynia
./mnt/data/Regaty\2019\Ekstraklasa\Runda 1\2019 Ekstraklasa - Sopot.csv,OD2,Odyssey Sailing Club
./mnt/data/Regaty\2019\Ekstraklasa\Runda 1\2019 Ekstraklasa - Sopot.csv,ODY,Odyssey Sailing Club
./mnt/data/Regaty\2019\Ekstraklasa\Runda 2\2019 Ekstraklasa - Gdynia.csv,IS2,KS Iskra AMW Gdynia
./mnt/data/Regaty\2019\Ekstraklasa\Runda 2\2019 Ekstraklasa - Gdynia.csv,JEZ,Jeziorak Yacht Club
./mnt/data/Regaty\2019\Ekstraklasa\Runda 2\2019 Ekstraklasa - Gdynia.csv,GIŻ,Giżycka Grupa Regatowa
./mnt/data/Regaty\2019\Ekstraklasa\Runda 2\2019 Ekstraklasa - Gdynia.csv,LEG,Legia Warszawa
./mnt/data/Regaty\2019\Ekstraklasa\Runda 2\2019 Ekstraklasa - Gdynia.csv,SZT,Sztorm Grupa
./mnt/data/Regaty\2019\Ekstraklasa\Runda 2\2019 Ekstraklasa - Gdynia.csv,POG,SEJK Pogoń Szczecin
./mnt/data/Regaty\2019\Ekstraklasa\Runda 2\2019 Ekstraklasa - Gdynia.csv,OKZ,Olsztyński Klub Żeglarski
./mnt/data/Regaty\2019\Ekstraklasa\Runda 2\2019 Ekstraklasa - Gdynia.csv,JKM,JKM Gryf Gdynia
./mnt/data/Regaty\2019\Ekstraklasa\Runda 2\2019 Ekstraklasa - Gdynia.csv,OD2,Odyssey Sailing Club
./mnt/data/Regaty\2019\Ekstraklasa\Runda 2\2019 Ekstraklasa - Gdynia.csv,DZY,PZKS Dżygit Białystok
./mnt/data/Regaty\2019\Ekstraklasa\Runda 2\2019 Ekstraklasa - Gdynia.csv,YCS,Yacht Club Sopot
./mnt/data/Regaty\2019\Ekstraklasa\Runda 2\2019 Ekstraklasa - Gdynia.csv,ODY,Odyssey Sailing Club
./mnt/data/Regaty\2019\Ekstraklasa\Runda 3\2019 Ekstraklasa - Świnoujście.csv,GIŻ,Giżycka Grupa Regatowa
./mnt/data/Regaty\2019\Ekstraklasa\Runda 3\2019 Ekstraklasa - Świnoujście.csv,JEZ,Jeziorak Yacht Club
./mnt/data/Regaty\2019\Ekstraklasa\Runda 3\2019 Ekstraklasa - Świnoujście.csv,POG,SEJK Pogoń Szczecin
./mnt/data/Regaty\2019\Ekstraklasa\Runda 3\2019 Ekstraklasa - Świnoujście.csv,LEG,Legia Warszawa
./mnt/data/Regaty\2019\Ekstraklasa\Runda 3\2019 Ekstraklasa - Świnoujście.csv,OKZ,Olsztyński Klub Żeglarski
./mnt/data/Regaty\2019\Ekstraklasa\Runda 3\2019 Ekstraklasa - Świnoujście.csv,DZY,PZKS Dżygit Białystok
./mnt/data/Regaty\2019\Ekstraklasa\Runda 3\2019 Ekstraklasa - Świnoujście.csv,SZT,Sztorm Grupa
./mnt/data/Regaty\2019\Ekstraklasa\Runda 3\2019 Ekstraklasa - Świnoujście.csv,IS2,KS Iskra AMW Gdynia
./mnt/data/Regaty\2019\Ekstraklasa\Runda 3\2019 Ekstraklasa - Świnoujście.csv,ODY,Odyssey Sailing Club
./mnt/data/Regaty\2019\Ekstraklasa\Runda 3\2019 Ekstraklasa - Świnoujście.csv,JKM,JKM Gryf Gdynia
./mnt/data/Regaty\2019\Ekstraklasa\Runda 3\2019 Ekstraklasa - Świnoujście.csv,YCS,Yacht Club Sopot
./mnt/data/Regaty\2019\Ekstraklasa\Runda 3\2019 Ekstraklasa - Świnoujście.csv,OD2,Odyssey Sailing Club
./mnt/data/Regaty\2019\Ekstraklasa\Runda 4\2019 Ekstraklasa - Szczecin.csv,GIŻ,Giżycka Grupa Regatowa
./mnt/data/Regaty\2019\Ekstraklasa\Runda 4\2019 Ekstraklasa - Szczecin.csv,LEG,Legia Warszawa
./mnt/data/Regaty\2019\Ekstraklasa\Runda 4\2019 Ekstraklasa - Szczecin.csv,SZT,Sztorm Grupa
./mnt/data/Regaty\2019\Ekstraklasa\Runda 4\2019 Ekstraklasa - Szczecin.csv,IS2,KS Iskra AMW Gdynia
./mnt/data/Regaty\2019\Ekstraklasa\Runda 4\2019 Ekstraklasa - Szczecin.csv,POG,SEJK Pogoń Szczecin
./mnt/data/Regaty\2019\Ekstraklasa\Runda 4\2019 Ekstraklasa - Szczecin.csv,JEZ,Jeziorak Yacht Club
./mnt/data/Regaty\2019\Ekstraklasa\Runda 4\2019 Ekstraklasa - Szczecin.csv,JKM,JKM Gryf Gdynia
./mnt/data/Regaty\2019\Ekstraklasa\Runda 4\2019 Ekstraklasa - Szczecin.csv,OKZ,Olsztyński Klub Żeglarski
./mnt/data/Regaty\2019\Ekstraklasa\Runda 4\2019 Ekstraklasa - Szczecin.csv,DZY,PZKS Dżygit Białystok
./mnt/data/Regaty\2019\Ekstraklasa\Runda 4\2019 Ekstraklasa - Szczecin.csv,ODY,Odyssey Sailing Club
./mnt/data/Regaty\2019\Ekstraklasa\Runda 4\2019 Ekstraklasa - Szczecin.csv,OD2,Odyssey Sailing Club
./mnt/data/Regaty\2019\Ekstraklasa\Runda 4\2019 Ekstraklasa - Szczecin.csv,YCS,Yacht Club Sopot
./mnt/data/Regaty\2020\1Liga\Runda 1\2020 1 Liga - Sopot(1).csv,YG2,Yacht Club Gdańsk 2
./mnt/data/Regaty\2020\1Liga\Runda 1\2020 1 Liga - Sopot(1).csv,PJK,Puchar Polski Jachtów Kabinowych
./mnt/data/Regaty\2020\1Liga\Runda 1\2020 1 Liga - Sopot(1).csv,SPO,Sport Vita Ski&Sail
./mnt/data/Regaty\2020\1Liga\Runda 1\2020 1 Liga - Sopot(1).csv,JMZ,JK Między Żaglami
./mnt/data/Regaty\2020\1Liga\Runda 1\2020 1 Liga - Sopot(1).csv,PGR,AZS Politechnika Gdańska
./mnt/data/Regaty\2020\1Liga\Runda 1\2020 1 Liga - Sopot(1).csv,JSG,Jachtklub Stoczni Gdańskiej
./mnt/data/Regaty\2020\1Liga\Runda 1\2020 1 Liga - Sopot(1).csv,ODY,Odyssey Sailing Club
./mnt/data/Regaty\2020\1Liga\Runda 1\2020 1 Liga - Sopot(1).csv,LE2,Legia Warszawa 2
./mnt/data/Regaty\2020\1Liga\Runda 1\2020 1 Liga - Sopot(1).csv,NAV,UKS Navigo
./mnt/data/Regaty\2020\1Liga\Runda 1\2020 1 Liga - Sopot(1).csv,LAS,RKS Lasery Zegrze
./mnt/data/Regaty\2020\1Liga\Runda 1\2020 1 Liga - Sopot(1).csv,GAR,KW Garland Gliwice
./mnt/data/Regaty\2020\1Liga\Runda 1\2020 1 Liga - Sopot(1).csv,POW,SKŻ Powidz
./mnt/data/Regaty\2020\1Liga\Runda 2\2020 1 Liga - Sopot(2).csv,SPO,Sport Vita Ski&Sail
./mnt/data/Regaty\2020\1Liga\Runda 2\2020 1 Liga - Sopot(2).csv,YG2,Yacht Club Gdańsk 2
./mnt/data/Regaty\2020\1Liga\Runda 2\2020 1 Liga - Sopot(2).csv,GAR,KW Garland Gliwice
./mnt/data/Regaty\2020\1Liga\Runda 2\2020 1 Liga - Sopot(2).csv,PJK,Puchar Polski Jachtów Kabinowych
./mnt/data/Regaty\2020\1Liga\Runda 2\2020 1 Liga - Sopot(2).csv,JSG,Jachtklub Stoczni Gdańskiej
./mnt/data/Regaty\2020\1Liga\Runda 2\2020 1 Liga - Sopot(2).csv,NAV,UKS Navigo
./mnt/data/Regaty\2020\1Liga\Runda 2\2020 1 Liga - Sopot(2).csv,PGR,AZS Politechnika Gdańska
./mnt/data/Regaty\2020\1Liga\Runda 2\2020 1 Liga - Sopot(2).csv,JMZ,JK Między Żaglami
./mnt/data/Regaty\2020\1Liga\Runda 2\2020 1 Liga - Sopot(2).csv,LAS,RKS Lasery Zegrze
./mnt/data/Regaty\2020\1Liga\Runda 2\2020 1 Liga - Sopot(2).csv,LE2,Legia Warszawa 2
./mnt/data/Regaty\2020\1Liga\Runda 2\2020 1 Liga - Sopot(2).csv,ODY,Odyssey Sailing Club
./mnt/data/Regaty\2020\1Liga\Runda 2\2020 1 Liga - Sopot(2).csv,POW,SKŻ Powidz
./mnt/data/Regaty\2020\1Liga\Runda 3\2020 1 Liga - Szczecin(1).csv,YG2,Yacht Club Gdańsk 2
./mnt/data/Regaty\2020\1Liga\Runda 3\2020 1 Liga - Szczecin(1).csv,PGR,AZS Politechnika Gdańska
./mnt/data/Regaty\2020\1Liga\Runda 3\2020 1 Liga - Szczecin(1).csv,PJK,Puchar Polski Jachtów Kabinowych
./mnt/data/Regaty\2020\1Liga\Runda 3\2020 1 Liga - Szczecin(1).csv,GAR,KW Garland Gliwice
./mnt/data/Regaty\2020\1Liga\Runda 3\2020 1 Liga - Szczecin(1).csv,ODY,Odyssey Sailing Club
./mnt/data/Regaty\2020\1Liga\Runda 3\2020 1 Liga - Szczecin(1).csv,SPO,Sport Vita Ski&Sail
./mnt/data/Regaty\2020\1Liga\Runda 3\2020 1 Liga - Szczecin(1).csv,JMZ,JK Między Żaglami
./mnt/data/Regaty\2020\1Liga\Runda 3\2020 1 Liga - Szczecin(1).csv,JSG,Jachtklub Stoczni Gdańskiej
./mnt/data/Regaty\2020\1Liga\Runda 3\2020 1 Liga - Szczecin(1).csv,LAS,RKS Lasery Zegrze
./mnt/data/Regaty\2020\1Liga\Runda 3\2020 1 Liga - Szczecin(1).csv,NAV,UKS Navigo
./mnt/data/Regaty\2020\1Liga\Runda 3\2020 1 Liga - Szczecin(1).csv,LE2,Legia Warszawa 2
./mnt/data/Regaty\2020\1Liga\Runda 3\2020 1 Liga - Szczecin(1).csv,POW,SKŻ Powidz
./mnt/data/Regaty\2020\1Liga\Runda 4\2020 1 Liga - Szczecin(2).csv,YG2,Yacht Club Gdańsk 2
./mnt/data/Regaty\2020\1Liga\Runda 4\2020 1 Liga - Szczecin(2).csv,JMZ,JK Między Żaglami
./mnt/data/Regaty\2020\1Liga\Runda 4\2020 1 Liga - Szczecin(2).csv,ODY,Odyssey Sailing Club
./mnt/data/Regaty\2020\1Liga\Runda 4\2020 1 Liga - Szczecin(2).csv,NAV,UKS Navigo
./mnt/data/Regaty\2020\1Liga\Runda 4\2020 1 Liga - Szczecin(2).csv,GAR,KW Garland Gliwice
./mnt/data/Regaty\2020\1Liga\Runda 4\2020 1 Liga - Szczecin(2).csv,SPO,Sport Vita Ski&Sail
./mnt/data/Regaty\2020\1Liga\Runda 4\2020 1 Liga - Szczecin(2).csv,PJK,Puchar Polski Jachtów Kabinowych
./mnt/data/Regaty\2020\1Liga\Runda 4\2020 1 Liga - Szczecin(2).csv,JSG,Jachtklub Stoczni Gdańskiej
./mnt/data/Regaty\2020\1Liga\Runda 4\2020 1 Liga - Szczecin(2).csv,LAS,RKS Lasery Zegrze
./mnt/data/Regaty\2020\1Liga\Runda 4\2020 1 Liga - Szczecin(2).csv,PGR,AZS Politechnika Gdańska
./mnt/data/Regaty\2020\1Liga\Runda 4\2020 1 Liga - Szczecin(2).csv,LE2,Legia Warszawa 2
./mnt/data/Regaty\2020\1Liga\Runda 4\2020 1 Liga - Szczecin(2).csv,POW,SKŻ Powidz
./mnt/data/Regaty\2020\Ekstraklasa\Runda 1\2020 Ekstraklasa - Szczecin.csv,ISK,KS Iskra AMW Gdynia
./mnt/data/Regaty\2020\Ekstraklasa\Runda 1\2020 Ekstraklasa - Szczecin.csv,YKP,Yacht Klub Polski Gdynia
./mnt/data/Regaty\2020\Ekstraklasa\Runda 1\2020 Ekstraklasa - Szczecin.csv,YCG,Yacht Club Gdańsk
./mnt/data/Regaty\2020\Ekstraklasa\Runda 1\2020 Ekstraklasa - Szczecin.csv,GIŻ,Giżycka Grupa Regatowa
./mnt/data/Regaty\2020\Ekstraklasa\Runda 1\2020 Ekstraklasa - Szczecin.csv,POG,SEJK Pogoń Szczecin
./mnt/data/Regaty\2020\Ekstraklasa\Runda 1\2020 Ekstraklasa - Szczecin.csv,77R,77 Racing
./mnt/data/Regaty\2020\Ekstraklasa\Runda 1\2020 Ekstraklasa - Szczecin.csv,SZT,Sztorm Grupa
./mnt/data/Regaty\2020\Ekstraklasa\Runda 1\2020 Ekstraklasa - Szczecin.csv,OKŻ,Olsztyński Klub Żeglarski
./mnt/data/Regaty\2020\Ekstraklasa\Runda 1\2020 Ekstraklasa - Szczecin.csv,LEG,Legia Warszawa
./mnt/data/Regaty\2020\Ekstraklasa\Runda 1\2020 Ekstraklasa - Szczecin.csv,DŻY,PZKS Dżygit Białystok
./mnt/data/Regaty\2020\Ekstraklasa\Runda 1\2020 Ekstraklasa - Szczecin.csv,WOL,UKS Albatros Wolin
./mnt/data/Regaty\2020\Ekstraklasa\Runda 1\2020 Ekstraklasa - Szczecin.csv,YCS,Yacht Club Sopot
./mnt/data/Regaty\2020\Ekstraklasa\Runda 2\2020 Ekstraklasa - Sopot(1).csv,YKP,Yacht Klub Polski Gdynia
./mnt/data/Regaty\2020\Ekstraklasa\Runda 2\2020 Ekstraklasa - Sopot(1).csv,YCG,Yacht Club Gdańsk
./mnt/data/Regaty\2020\Ekstraklasa\Runda 2\2020 Ekstraklasa - Sopot(1).csv,GIŻ,Giżycka Grupa Regatowa
./mnt/data/Regaty\2020\Ekstraklasa\Runda 2\2020 Ekstraklasa - Sopot(1).csv,OKŻ,Olsztyński Klub Żeglarski
./mnt/data/Regaty\2020\Ekstraklasa\Runda 2\2020 Ekstraklasa - Sopot(1).csv,LEG,Legia Warszawa
./mnt/data/Regaty\2020\Ekstraklasa\Runda 2\2020 Ekstraklasa - Sopot(1).csv,ISK,KS Iskra AMW Gdynia
./mnt/data/Regaty\2020\Ekstraklasa\Runda 2\2020 Ekstraklasa - Sopot(1).csv,SZT,Sztorm Grupa
./mnt/data/Regaty\2020\Ekstraklasa\Runda 2\2020 Ekstraklasa - Sopot(1).csv,YCS,Yacht Club Sopot
./mnt/data/Regaty\2020\Ekstraklasa\Runda 2\2020 Ekstraklasa - Sopot(1).csv,DŻY,PZKS Dżygit Białystok
./mnt/data/Regaty\2020\Ekstraklasa\Runda 2\2020 Ekstraklasa - Sopot(1).csv,POG,SEJK Pogoń Szczecin
./mnt/data/Regaty\2020\Ekstraklasa\Runda 2\2020 Ekstraklasa - Sopot(1).csv,WOL,UKS Albatros Wolin
./mnt/data/Regaty\2020\Ekstraklasa\Runda 2\2020 Ekstraklasa - Sopot(1).csv,77R,77 Racing
./mnt/data/Regaty\2020\Ekstraklasa\Runda 3\2020 Ekstraklasa - Sopot(2).csv,YKP,Yacht Klub Polski Gdynia
./mnt/data/Regaty\2020\Ekstraklasa\Runda 3\2020 Ekstraklasa - Sopot(2).csv,GIŻ,Giżycka Grupa Regatowa
./mnt/data/Regaty\2020\Ekstraklasa\Runda 3\2020 Ekstraklasa - Sopot(2).csv,YCG,Yacht Club Gdańsk
./mnt/data/Regaty\2020\Ekstraklasa\Runda 3\2020 Ekstraklasa - Sopot(2).csv,SZT,Sztorm Grupa
./mnt/data/Regaty\2020\Ekstraklasa\Runda 3\2020 Ekstraklasa - Sopot(2).csv,POG,SEJK Pogoń Szczecin
./mnt/data/Regaty\2020\Ekstraklasa\Runda 3\2020 Ekstraklasa - Sopot(2).csv,OKŻ,Olsztyński Klub Żeglarski
./mnt/data/Regaty\2020\Ekstraklasa\Runda 3\2020 Ekstraklasa - Sopot(2).csv,ISK,KS Iskra AMW Gdynia
./mnt/data/Regaty\2020\Ekstraklasa\Runda 3\2020 Ekstraklasa - Sopot(2).csv,WOL,UKS Albatros Wolin
./mnt/data/Regaty\2020\Ekstraklasa\Runda 3\2020 Ekstraklasa - Sopot(2).csv,LEG,Legia Warszawa
./mnt/data/Regaty\2020\Ekstraklasa\Runda 3\2020 Ekstraklasa - Sopot(2).csv,YCS,Yacht Club Sopot
./mnt/data/Regaty\2020\Ekstraklasa\Runda 3\2020 Ekstraklasa - Sopot(2).csv,DŻY,PZKS Dżygit Białystok
./mnt/data/Regaty\2020\Ekstraklasa\Runda 3\2020 Ekstraklasa - Sopot(2).csv,77R,77 Racing
./mnt/data/Regaty\2020\Ekstraklasa\Runda 4\2020 Ekstraklasa - Świnoujście.csv,YCG,Yacht Club Gdańsk
./mnt/data/Regaty\2020\Ekstraklasa\Runda 4\2020 Ekstraklasa - Świnoujście.csv,GIŻ,Giżycka Grupa Regatowa
./mnt/data/Regaty\2020\Ekstraklasa\Runda 4\2020 Ekstraklasa - Świnoujście.csv,YKP,Yacht Klub Polski Gdynia
./mnt/data/Regaty\2020\Ekstraklasa\Runda 4\2020 Ekstraklasa - Świnoujście.csv,POG,SEJK Pogoń Szczecin
./mnt/data/Regaty\2020\Ekstraklasa\Runda 4\2020 Ekstraklasa - Świnoujście.csv,SZT,Sztorm Grupa
./mnt/data/Regaty\2020\Ekstraklasa\Runda 4\2020 Ekstraklasa - Świnoujście.csv,WOL,UKS Albatros Wolin
./mnt/data/Regaty\2020\Ekstraklasa\Runda 4\2020 Ekstraklasa - Świnoujście.csv,77R,77 Racing
./mnt/data/Regaty\2020\Ekstraklasa\Runda 4\2020 Ekstraklasa - Świnoujście.csv,LEG,Legia Warszawa
./mnt/data/Regaty\2020\Ekstraklasa\Runda 4\2020 Ekstraklasa - Świnoujście.csv,ISK,KS Iskra AMW Gdynia
./mnt/data/Regaty\2020\Ekstraklasa\Runda 4\2020 Ekstraklasa - Świnoujście.csv,OKŻ,Olsztyński Klub Żeglarski
./mnt/data/Regaty\2020\Ekstraklasa\Runda 4\2020 Ekstraklasa - Świnoujście.csv,YCS,Yacht Club Sopot
./mnt/data/Regaty\2020\Ekstraklasa\Runda 4\2020 Ekstraklasa - Świnoujście.csv,DŻY,PZKS Dżygit Białystok
./mnt/data/Regaty\2021\1Liga\Runda 1\2021 1 Liga - Sopot.csv,WAT,AZS WAT Warszawa
./mnt/data/Regaty\2021\1Liga\Runda 1\2021 1 Liga - Sopot.csv,WRO,UKS Żeglarz Wrocław
./mnt/data/Regaty\2021\1Liga\Runda 1\2021 1 Liga - Sopot.csv,YSZ,YKP Szczecin
./mnt/data/Regaty\2021\1Liga\Runda 1\2021 1 Liga - Sopot.csv,HRM,HRM Racing Yacht Club Gdańsk
./mnt/data/Regaty\2021\1Liga\Runda 1\2021 1 Liga - Sopot.csv,AWF,AZS AWFiS Gdańsk
./mnt/data/Regaty\2021\1Liga\Runda 1\2021 1 Liga - Sopot.csv,NAV,UKS Navigo
./mnt/data/Regaty\2021\1Liga\Runda 1\2021 1 Liga - Sopot.csv,GSP,Garden Space Sailing Club
./mnt/data/Regaty\2021\1Liga\Runda 1\2021 1 Liga - Sopot.csv,NIE,KS Marina Niesulice
./mnt/data/Regaty\2021\1Liga\Runda 1\2021 1 Liga - Sopot.csv,OCC,Ocean Challenge Yacht Club Ladies Sailing Team
./mnt/data/Regaty\2021\1Liga\Runda 1\2021 1 Liga - Sopot.csv,KKZ,Kościański Klub Żeglarski
./mnt/data/Regaty\2021\1Liga\Runda 1\2021 1 Liga - Sopot.csv,GRP,TFE Grupa Regatowa Powidz
./mnt/data/Regaty\2021\1Liga\Runda 1\2021 1 Liga - Sopot.csv,AKA,Akademia Żeglarstwa w Środzie Wielkopolskiej
./mnt/data/Regaty\2021\1Liga\Runda 1\2021 1 Liga - Sopot.csv,RBP,Regatta Business Poland
./mnt/data/Regaty\2021\1Liga\Runda 1\2021 1 Liga - Sopot.csv,LE2,Legia Warszawa 2
./mnt/data/Regaty\2021\1Liga\Runda 1\2021 1 Liga - Sopot.csv,ETI,Etisoft Sailing Team Gliwice
./mnt/data/Regaty\2021\1Liga\Runda 1\2021 1 Liga - Sopot.csv,YS2,Yacht Club Sopot 2
./mnt/data/Regaty\2021\1Liga\Runda 1\2021 1 Liga - Sopot.csv,LAS,RKS Lasery Zegrze
./mnt/data/Regaty\2021\1Liga\Runda 1\2021 1 Liga - Sopot.csv,POW,SKŻ Powidz
./mnt/data/Regaty\2021\1Liga\Runda 2\2021 1 Liga - Gdynia.csv,AWF,AZS AWFiS Gdańsk
./mnt/data/Regaty\2021\1Liga\Runda 2\2021 1 Liga - Gdynia.csv,WRO,UKS Żeglarz Wrocław
./mnt/data/Regaty\2021\1Liga\Runda 2\2021 1 Liga - Gdynia.csv,WAT,AZS WAT Warszawa
./mnt/data/Regaty\2021\1Liga\Runda 2\2021 1 Liga - Gdynia.csv,YSZ,YKP Szczecin
./mnt/data/Regaty\2021\1Liga\Runda 2\2021 1 Liga - Gdynia.csv,NIE,KS Marina Niesulice
./mnt/data/Regaty\2021\1Liga\Runda 2\2021 1 Liga - Gdynia.csv,GRP,TFE Grupa Regatowa Powidz
./mnt/data/Regaty\2021\1Liga\Runda 2\2021 1 Liga - Gdynia.csv,HRM,HRM Racing Yacht Club Gdańsk
./mnt/data/Regaty\2021\1Liga\Runda 2\2021 1 Liga - Gdynia.csv,KKZ,Kościański Klub Żeglarski
./mnt/data/Regaty\2021\1Liga\Runda 2\2021 1 Liga - Gdynia.csv,NAV,UKS Navigo
./mnt/data/Regaty\2021\1Liga\Runda 2\2021 1 Liga - Gdynia.csv,YS2,Yacht Club Sopot 2
./mnt/data/Regaty\2021\1Liga\Runda 2\2021 1 Liga - Gdynia.csv,GSP,Garden Space Sailing Club
./mnt/data/Regaty\2021\1Liga\Runda 2\2021 1 Liga - Gdynia.csv,AKA,Akademia Żeglarstwa w Środzie Wielkopolskiej
./mnt/data/Regaty\2021\1Liga\Runda 2\2021 1 Liga - Gdynia.csv,LAS,RKS Lasery Zegrze
./mnt/data/Regaty\2021\1Liga\Runda 2\2021 1 Liga - Gdynia.csv,LE2,Legia Warszawa 2
./mnt/data/Regaty\2021\1Liga\Runda 2\2021 1 Liga - Gdynia.csv,OCC,Ocean Challenge Yacht Club Ladies Sailing Team
./mnt/data/Regaty\2021\1Liga\Runda 2\2021 1 Liga - Gdynia.csv,ETI,Etisoft Sailing Team Gliwice
./mnt/data/Regaty\2021\1Liga\Runda 2\2021 1 Liga - Gdynia.csv,RBP,Regatta Business Poland
./mnt/data/Regaty\2021\1Liga\Runda 2\2021 1 Liga - Gdynia.csv,POW,SKŻ Powidz
./mnt/data/Regaty\2021\1Liga\Runda 3\2021 1 Liga - Szczecin.csv,YSZ,YKP Szczecin
./mnt/data/Regaty\2021\1Liga\Runda 3\2021 1 Liga - Szczecin.csv,AWF,AZS AWFiS Gdańsk
./mnt/data/Regaty\2021\1Liga\Runda 3\2021 1 Liga - Szczecin.csv,WRO,UKS Żeglarz Wrocław
./mnt/data/Regaty\2021\1Liga\Runda 3\2021 1 Liga - Szczecin.csv,WAT,AZS WAT Warszawa
./mnt/data/Regaty\2021\1Liga\Runda 3\2021 1 Liga - Szczecin.csv,NAV,UKS Navigo
./mnt/data/Regaty\2021\1Liga\Runda 3\2021 1 Liga - Szczecin.csv,HRM,HRM Racing Yacht Club Gdańsk
./mnt/data/Regaty\2021\1Liga\Runda 3\2021 1 Liga - Szczecin.csv,LE2,Legia Warszawa 2
./mnt/data/Regaty\2021\1Liga\Runda 3\2021 1 Liga - Szczecin.csv,NIE,KS Marina Niesulice
./mnt/data/Regaty\2021\1Liga\Runda 3\2021 1 Liga - Szczecin.csv,LAS,RKS Lasery Zegrze
./mnt/data/Regaty\2021\1Liga\Runda 3\2021 1 Liga - Szczecin.csv,GSP,Garden Space Sailing Club
./mnt/data/Regaty\2021\1Liga\Runda 3\2021 1 Liga - Szczecin.csv,GRP,TFE Grupa Regatowa Powidz
./mnt/data/Regaty\2021\1Liga\Runda 3\2021 1 Liga - Szczecin.csv,YS2,Yacht Club Sopot 2
./mnt/data/Regaty\2021\1Liga\Runda 3\2021 1 Liga - Szczecin.csv,KKZ,Kościański Klub Żeglarski
./mnt/data/Regaty\2021\1Liga\Runda 3\2021 1 Liga - Szczecin.csv,AKA,Akademia Żeglarstwa w Środzie Wielkopolskiej
./mnt/data/Regaty\2021\1Liga\Runda 3\2021 1 Liga - Szczecin.csv,ETI,Etisoft Sailing Team Gliwice
./mnt/data/Regaty\2021\1Liga\Runda 3\2021 1 Liga - Szczecin.csv,OCC,Ocean Challenge Yacht Club Ladies Sailing Team
./mnt/data/Regaty\2021\1Liga\Runda 3\2021 1 Liga - Szczecin.csv,RBP,Regatta Business Poland
./mnt/data/Regaty\2021\1Liga\Runda 3\2021 1 Liga - Szczecin.csv,POW,SKŻ Powidz
./mnt/data/Regaty\2021\1Liga\Runda 4\2021 1 Liga - Warszawa.csv,WAT,AZS WAT Warszawa
./mnt/data/Regaty\2021\1Liga\Runda 4\2021 1 Liga - Warszawa.csv,AWF,AZS AWFiS Gdańsk
./mnt/data/Regaty\2021\1Liga\Runda 4\2021 1 Liga - Warszawa.csv,YSZ,YKP Szczecin
./mnt/data/Regaty\2021\1Liga\Runda 4\2021 1 Liga - Warszawa.csv,WRO,UKS Żeglarz Wrocław
./mnt/data/Regaty\2021\1Liga\Runda 4\2021 1 Liga - Warszawa.csv,GSP,Garden Space Sailing Club
./mnt/data/Regaty\2021\1Liga\Runda 4\2021 1 Liga - Warszawa.csv,GRP,TFE Grupa Regatowa Powidz
./mnt/data/Regaty\2021\1Liga\Runda 4\2021 1 Liga - Warszawa.csv,KKZ,Kościański Klub Żeglarski
./mnt/data/Regaty\2021\1Liga\Runda 4\2021 1 Liga - Warszawa.csv,HRM,HRM Racing Yacht Club Gdańsk
./mnt/data/Regaty\2021\1Liga\Runda 4\2021 1 Liga - Warszawa.csv,AKA,Akademia Żeglarstwa w Środzie Wielkopolskiej
./mnt/data/Regaty\2021\1Liga\Runda 4\2021 1 Liga - Warszawa.csv,NIE,KS Marina Niesulice
./mnt/data/Regaty\2021\1Liga\Runda 4\2021 1 Liga - Warszawa.csv,YS2,Yacht Club Sopot 2
./mnt/data/Regaty\2021\1Liga\Runda 4\2021 1 Liga - Warszawa.csv,OCC,Ocean Challenge Yacht Club Ladies Sailing Team
./mnt/data/Regaty\2021\1Liga\Runda 4\2021 1 Liga - Warszawa.csv,LE2,Legia Warszawa 2
./mnt/data/Regaty\2021\1Liga\Runda 4\2021 1 Liga - Warszawa.csv,LAS,RKS Lasery Zegrze
./mnt/data/Regaty\2021\1Liga\Runda 4\2021 1 Liga - Warszawa.csv,NAV,UKS Navigo
./mnt/data/Regaty\2021\1Liga\Runda 4\2021 1 Liga - Warszawa.csv,RBP,Regatta Business Poland
./mnt/data/Regaty\2021\1Liga\Runda 4\2021 1 Liga - Warszawa.csv,ETI,Etisoft Sailing Team Gliwice
./mnt/data/Regaty\2021\1Liga\Runda 4\2021 1 Liga - Warszawa.csv,POW,SKŻ Powidz
./mnt/data/Regaty\2021\Ekstraklasa\Runda 1\2021 Ekstraklasa - Sopot.csv,YCG,Yacht Club Gdańsk
./mnt/data/Regaty\2021\Ekstraklasa\Runda 1\2021 Ekstraklasa - Sopot.csv,YKP,Yacht Klub Polski Gdynia
./mnt/data/Regaty\2021\Ekstraklasa\Runda 1\2021 Ekstraklasa - Sopot.csv,OKZ,Olsztyński Klub Żeglarski
./mnt/data/Regaty\2021\Ekstraklasa\Runda 1\2021 Ekstraklasa - Sopot.csv,POG,SEJK Pogoń Szczecin
./mnt/data/Regaty\2021\Ekstraklasa\Runda 1\2021 Ekstraklasa - Sopot.csv,PGR,AZS Politechnika Gdańska
./mnt/data/Regaty\2021\Ekstraklasa\Runda 1\2021 Ekstraklasa - Sopot.csv,GIZ,Giżycka Grupa Regatowa
./mnt/data/Regaty\2021\Ekstraklasa\Runda 1\2021 Ekstraklasa - Sopot.csv,SZT,Sztorm Grupa
./mnt/data/Regaty\2021\Ekstraklasa\Runda 1\2021 Ekstraklasa - Sopot.csv,ISK,KS Iskra AMW Gdynia
./mnt/data/Regaty\2021\Ekstraklasa\Runda 1\2021 Ekstraklasa - Sopot.csv,LEG,Legia Warszawa
./mnt/data/Regaty\2021\Ekstraklasa\Runda 1\2021 Ekstraklasa - Sopot.csv,YCS,Yacht Club Sopot
./mnt/data/Regaty\2021\Ekstraklasa\Runda 1\2021 Ekstraklasa - Sopot.csv,PJK,Stowarzyszenie PPJK
./mnt/data/Regaty\2021\Ekstraklasa\Runda 1\2021 Ekstraklasa - Sopot.csv,GAR,KW Garland Gliwice
./mnt/data/Regaty\2021\Ekstraklasa\Runda 1\2021 Ekstraklasa - Sopot.csv,ODY,Odyssey Sailing Club
./mnt/data/Regaty\2021\Ekstraklasa\Runda 1\2021 Ekstraklasa - Sopot.csv,JMZ,JK Między Żaglami
./mnt/data/Regaty\2021\Ekstraklasa\Runda 1\2021 Ekstraklasa - Sopot.csv,WOL,UKS Albatros Wolin
./mnt/data/Regaty\2021\Ekstraklasa\Runda 1\2021 Ekstraklasa - Sopot.csv,SPO,Sport Vita Ski&Sail
./mnt/data/Regaty\2021\Ekstraklasa\Runda 1\2021 Ekstraklasa - Sopot.csv,DZY,PŻKS Dżygit Białystok
./mnt/data/Regaty\2021\Ekstraklasa\Runda 1\2021 Ekstraklasa - Sopot.csv,JSG,Jachtklub Stoczni Gdańskiej
./mnt/data/Regaty\2021\Ekstraklasa\Runda 2\2021 Ekstraklasa - Gdynia.csv,OKZ,Olsztyński Klub Żeglarski
./mnt/data/Regaty\2021\Ekstraklasa\Runda 2\2021 Ekstraklasa - Gdynia.csv,YCG,Yacht Club Gdańsk
./mnt/data/Regaty\2021\Ekstraklasa\Runda 2\2021 Ekstraklasa - Gdynia.csv,LEG,Legia Warszawa
./mnt/data/Regaty\2021\Ekstraklasa\Runda 2\2021 Ekstraklasa - Gdynia.csv,YKP,Yacht Klub Polski Gdynia
./mnt/data/Regaty\2021\Ekstraklasa\Runda 2\2021 Ekstraklasa - Gdynia.csv,ISK,KS Iskra AMW Gdynia
./mnt/data/Regaty\2021\Ekstraklasa\Runda 2\2021 Ekstraklasa - Gdynia.csv,JMZ,JK Między Żaglami
./mnt/data/Regaty\2021\Ekstraklasa\Runda 2\2021 Ekstraklasa - Gdynia.csv,GIZ,Giżycka Grupa Regatowa
./mnt/data/Regaty\2021\Ekstraklasa\Runda 2\2021 Ekstraklasa - Gdynia.csv,POG,SEJK Pogoń Szczecin
./mnt/data/Regaty\2021\Ekstraklasa\Runda 2\2021 Ekstraklasa - Gdynia.csv,PGR,AZS Politechnika Gdańska
./mnt/data/Regaty\2021\Ekstraklasa\Runda 2\2021 Ekstraklasa - Gdynia.csv,YCS,Yacht Club Sopot
./mnt/data/Regaty\2021\Ekstraklasa\Runda 2\2021 Ekstraklasa - Gdynia.csv,SPO,Sport Vita Ski&Sail
./mnt/data/Regaty\2021\Ekstraklasa\Runda 2\2021 Ekstraklasa - Gdynia.csv,SZT,Sztorm Grupa
./mnt/data/Regaty\2021\Ekstraklasa\Runda 2\2021 Ekstraklasa - Gdynia.csv,DZY,PŻKS Dżygit Białystok
./mnt/data/Regaty\2021\Ekstraklasa\Runda 2\2021 Ekstraklasa - Gdynia.csv,ODY,Odyssey Sailing Club
./mnt/data/Regaty\2021\Ekstraklasa\Runda 2\2021 Ekstraklasa - Gdynia.csv,PJK,Stowarzyszenie PPJK
./mnt/data/Regaty\2021\Ekstraklasa\Runda 2\2021 Ekstraklasa - Gdynia.csv,WOL,UKS Albatros Wolin
./mnt/data/Regaty\2021\Ekstraklasa\Runda 2\2021 Ekstraklasa - Gdynia.csv,JSG,Jachtklub Stoczni Gdańskiej
./mnt/data/Regaty\2021\Ekstraklasa\Runda 2\2021 Ekstraklasa - Gdynia.csv,GAR,KW Garland Gliwice
./mnt/data/Regaty\2021\Ekstraklasa\Runda 3\2021 Ekstraklasa - Szczecin.csv,YKP,Yacht Klub Polski Gdynia
./mnt/data/Regaty\2021\Ekstraklasa\Runda 3\2021 Ekstraklasa - Szczecin.csv,YCG,Yacht Club Gdańsk
./mnt/data/Regaty\2021\Ekstraklasa\Runda 3\2021 Ekstraklasa - Szczecin.csv,LEG,Legia Warszawa
./mnt/data/Regaty\2021\Ekstraklasa\Runda 3\2021 Ekstraklasa - Szczecin.csv,POG,SEJK Pogoń Szczecin
./mnt/data/Regaty\2021\Ekstraklasa\Runda 3\2021 Ekstraklasa - Szczecin.csv,OKZ,Olsztyński Klub Żeglarski
./mnt/data/Regaty\2021\Ekstraklasa\Runda 3\2021 Ekstraklasa - Szczecin.csv,SZT,Sztorm Grupa
./mnt/data/Regaty\2021\Ekstraklasa\Runda 3\2021 Ekstraklasa - Szczecin.csv,ISK,KS Iskra AMW Gdynia
./mnt/data/Regaty\2021\Ekstraklasa\Runda 3\2021 Ekstraklasa - Szczecin.csv,PGR,AZS Politechnika Gdańska
./mnt/data/Regaty\2021\Ekstraklasa\Runda 3\2021 Ekstraklasa - Szczecin.csv,GAR,KW Garland Gliwice
./mnt/data/Regaty\2021\Ekstraklasa\Runda 3\2021 Ekstraklasa - Szczecin.csv,YCS,Yacht Club Sopot
./mnt/data/Regaty\2021\Ekstraklasa\Runda 3\2021 Ekstraklasa - Szczecin.csv,ODY,Odyssey Sailing Club
./mnt/data/Regaty\2021\Ekstraklasa\Runda 3\2021 Ekstraklasa - Szczecin.csv,SPO,Sport Vita Ski&Sail
./mnt/data/Regaty\2021\Ekstraklasa\Runda 3\2021 Ekstraklasa - Szczecin.csv,DZY,PŻKS Dżygit Białystok
./mnt/data/Regaty\2021\Ekstraklasa\Runda 3\2021 Ekstraklasa - Szczecin.csv,JSG,Jachtklub Stoczni Gdańskiej
./mnt/data/Regaty\2021\Ekstraklasa\Runda 3\2021 Ekstraklasa - Szczecin.csv,JMZ,JK Między Żaglami
./mnt/data/Regaty\2021\Ekstraklasa\Runda 3\2021 Ekstraklasa - Szczecin.csv,WOL,UKS Albatros Wolin
./mnt/data/Regaty\2021\Ekstraklasa\Runda 3\2021 Ekstraklasa - Szczecin.csv,PJK,Stowarzyszenie PPJK
./mnt/data/Regaty\2021\Ekstraklasa\Runda 3\2021 Ekstraklasa - Szczecin.csv,GIZ,Giżycka Grupa Regatowa
./mnt/data/Regaty\2021\Ekstraklasa\Runda 4\2021 Ekstraklasa - Warszawa.csv,YKP,Yacht Klub Polski Gdynia
./mnt/data/Regaty\2021\Ekstraklasa\Runda 4\2021 Ekstraklasa - Warszawa.csv,LEG,Legia Warszawa
./mnt/data/Regaty\2021\Ekstraklasa\Runda 4\2021 Ekstraklasa - Warszawa.csv,GAR,KW Garland Gliwice
./mnt/data/Regaty\2021\Ekstraklasa\Runda 4\2021 Ekstraklasa - Warszawa.csv,YCG,Yacht Club Gdańsk
./mnt/data/Regaty\2021\Ekstraklasa\Runda 4\2021 Ekstraklasa - Warszawa.csv,SZT,Sztorm Grupa
./mnt/data/Regaty\2021\Ekstraklasa\Runda 4\2021 Ekstraklasa - Warszawa.csv,SPO,Sport Vita Ski&Sail
./mnt/data/Regaty\2021\Ekstraklasa\Runda 4\2021 Ekstraklasa - Warszawa.csv,GIZ,Giżycka Grupa Regatowa
./mnt/data/Regaty\2021\Ekstraklasa\Runda 4\2021 Ekstraklasa - Warszawa.csv,PGR,AZS Politechnika Gdańska
./mnt/data/Regaty\2021\Ekstraklasa\Runda 4\2021 Ekstraklasa - Warszawa.csv,POG,SEJK Pogoń Szczecin
./mnt/data/Regaty\2021\Ekstraklasa\Runda 4\2021 Ekstraklasa - Warszawa.csv,ISK,KS Iskra AMW Gdynia
./mnt/data/Regaty\2021\Ekstraklasa\Runda 4\2021 Ekstraklasa - Warszawa.csv,OKZ,Olsztyński Klub Żeglarski
./mnt/data/Regaty\2021\Ekstraklasa\Runda 4\2021 Ekstraklasa - Warszawa.csv,ODY,Odyssey Sailing Club
./mnt/data/Regaty\2021\Ekstraklasa\Runda 4\2021 Ekstraklasa - Warszawa.csv,JMZ,JK Między Żaglami
./mnt/data/Regaty\2021\Ekstraklasa\Runda 4\2021 Ekstraklasa - Warszawa.csv,JSG,Jachtklub Stoczni Gdańskiej
./mnt/data/Regaty\2021\Ekstraklasa\Runda 4\2021 Ekstraklasa - Warszawa.csv,PJK,Stowarzyszenie PPJK
./mnt/data/Regaty\2021\Ekstraklasa\Runda 4\2021 Ekstraklasa - Warszawa.csv,WOL,UKS Albatros Wolin
./mnt/data/Regaty\2021\Ekstraklasa\Runda 4\2021 Ekstraklasa - Warszawa.csv,DZY,PŻKS Dżygit Białystok
./mnt/data/Regaty\2021\Ekstraklasa\Runda 4\2021 Ekstraklasa - Warszawa.csv,YCS,Yacht Club Sopot
./mnt/data/Regaty\2022\1Liga\Qualifications\2022 Q 1 Liga - Sopot.csv,YKL,Lubelskie YKP Lublin
./mnt/data/Regaty\2022\1Liga\Qualifications\2022 Q 1 Liga - Sopot.csv,RSR,Rockstars Racing
./mnt/data/Regaty\2022\1Liga\Qualifications\2022 Q 1 Liga - Sopot.csv,SLA,Slava Racing
./mnt/data/Regaty\2022\1Liga\Qualifications\2022 Q 1 Liga - Sopot.csv,POL,Polsporty Sailing
./mnt/data/Regaty\2022\1Liga\Qualifications\2022 Q 1 Liga - Sopot.csv,POW,SKŻ Powidz
./mnt/data/Regaty\2022\1Liga\Qualifications\2022 Q 1 Liga - Sopot.csv,YKW,YKP Warszawa
./mnt/data/Regaty\2022\1Liga\Qualifications\2022 Q 1 Liga - Sopot.csv,AK2,Akademia Żeglarstwa w Środzie Wielkopolskiej 2
./mnt/data/Regaty\2022\1Liga\Qualifications\2022 Q 1 Liga - Sopot.csv,APO,Klub Żeglarski Auto Podlasie
./mnt/data/Regaty\2022\1Liga\Qualifications\2022 Q 1 Liga - Sopot.csv,OC2,Ocean Challenge Ladies Sailing Team 2
./mnt/data/Regaty\2022\1Liga\Qualifications\2022 Q 1 Liga - Sopot.csv,ETI,Etisoft Sailing Team
./mnt/data/Regaty\2022\1Liga\Qualifications\2022 Q 1 Liga - Sopot.csv,MIC,Inex Green Micro Class
./mnt/data/Regaty\2022\1Liga\Qualifications\2022 Q 1 Liga - Sopot.csv,YZ2,YKP Szczecin 2
./mnt/data/Regaty\2022\1Liga\Qualifications\2022 Q 1 Liga - Sopot.csv,FLO,Jacht Klub Wielkopolski Flota Online
./mnt/data/Regaty\2022\1Liga\Qualifications\2022 Q 1 Liga - Sopot.csv,HAL,Klub Żeglarski Hals Gostynin
./mnt/data/Regaty\2022\1Liga\Qualifications\2022 Q 1 Liga - Sopot.csv,LA2,Lasery Zegrze 2
./mnt/data/Regaty\2022\1Liga\Qualifications\2022 Q 1 Liga - Sopot.csv,WTR,Warszawskie Towarzystwo Regatowe
./mnt/data/Regaty\2022\1Liga\Qualifications\2022 Q 1 Liga - Sopot.csv,GR2,Grupa Regatowa Powidz 2
./mnt/data/Regaty\2022\1Liga\Qualifications\2022 Q 1 Liga - Sopot.csv,SAT,Chotomowski Klub Żeglarski Satchwell
./mnt/data/Regaty\2022\1Liga\Runda 1\2022 1 Liga - Sopot.csv,YKL,Lubelskie YKP Lublin
./mnt/data/Regaty\2022\1Liga\Runda 1\2022 1 Liga - Sopot.csv,HRM,HRM Racing
./mnt/data/Regaty\2022\1Liga\Runda 1\2022 1 Liga - Sopot.csv,RSR,Rockstars Racing
./mnt/data/Regaty\2022\1Liga\Runda 1\2022 1 Liga - Sopot.csv,NAV,Interdoor UKS Navigo
./mnt/data/Regaty\2022\1Liga\Runda 1\2022 1 Liga - Sopot.csv,YS2,Yacht Club Sopot 2
./mnt/data/Regaty\2022\1Liga\Runda 1\2022 1 Liga - Sopot.csv,AKA,Akademia Żeglarstwa w Środzie Wielkopolskiej
./mnt/data/Regaty\2022\1Liga\Runda 1\2022 1 Liga - Sopot.csv,POL,Polsporty Sailing
./mnt/data/Regaty\2022\1Liga\Runda 1\2022 1 Liga - Sopot.csv,GRP,Grupa Regatowa Powidz
./mnt/data/Regaty\2022\1Liga\Runda 1\2022 1 Liga - Sopot.csv,DZY,PŻKS Dżygit Białystok
./mnt/data/Regaty\2022\1Liga\Runda 1\2022 1 Liga - Sopot.csv,KKZ,Kościański Klub Żeglarski
./mnt/data/Regaty\2022\1Liga\Runda 1\2022 1 Liga - Sopot.csv,JSG,Jachtklub Stoczni Gdańskiej
./mnt/data/Regaty\2022\1Liga\Runda 1\2022 1 Liga - Sopot.csv,WOL,UKS Albatros Wolin
./mnt/data/Regaty\2022\1Liga\Runda 1\2022 1 Liga - Sopot.csv,SLA,Slava Racing
./mnt/data/Regaty\2022\1Liga\Runda 1\2022 1 Liga - Sopot.csv,PJK,Stowarzyszenie PPJK
./mnt/data/Regaty\2022\1Liga\Runda 1\2022 1 Liga - Sopot.csv,OCC,Ocean Challenge Yacht Club
./mnt/data/Regaty\2022\1Liga\Runda 1\2022 1 Liga - Sopot.csv,ETI,Etisoft 2KMM Sailing Team
./mnt/data/Regaty\2022\1Liga\Runda 1\2022 1 Liga - Sopot.csv,LAS,Lasery Zegrze
./mnt/data/Regaty\2022\1Liga\Runda 1\2022 1 Liga - Sopot.csv,NIE,KS Marina Niesulice
./mnt/data/Regaty\2022\1Liga\Runda 2\2022 1 Liga - Gdynia.csv,RSR,Rockstars Racing
./mnt/data/Regaty\2022\1Liga\Runda 2\2022 1 Liga - Gdynia.csv,KKZ,Kościański Klub Żeglarski
./mnt/data/Regaty\2022\1Liga\Runda 2\2022 1 Liga - Gdynia.csv,PJK,Stowarzyszenie PPJK
./mnt/data/Regaty\2022\1Liga\Runda 2\2022 1 Liga - Gdynia.csv,NAV,Interdoor UKS Navigo
./mnt/data/Regaty\2022\1Liga\Runda 2\2022 1 Liga - Gdynia.csv,POL,Polsporty Sailing
./mnt/data/Regaty\2022\1Liga\Runda 2\2022 1 Liga - Gdynia.csv,OCC,Ocean Challenge Yacht Club
./mnt/data/Regaty\2022\1Liga\Runda 2\2022 1 Liga - Gdynia.csv,YKL,Lubelskie YKP Lublin
./mnt/data/Regaty\2022\1Liga\Runda 2\2022 1 Liga - Gdynia.csv,AKA,Akademia Żeglarstwa w Środzie Wielkopolskiej
./mnt/data/Regaty\2022\1Liga\Runda 2\2022 1 Liga - Gdynia.csv,HRM,HRM Racing
./mnt/data/Regaty\2022\1Liga\Runda 2\2022 1 Liga - Gdynia.csv,YS2,Yacht Club Sopot 2
./mnt/data/Regaty\2022\1Liga\Runda 2\2022 1 Liga - Gdynia.csv,NIE,KS Marina Niesulice
./mnt/data/Regaty\2022\1Liga\Runda 2\2022 1 Liga - Gdynia.csv,SLA,Slava Racing
./mnt/data/Regaty\2022\1Liga\Runda 2\2022 1 Liga - Gdynia.csv,JSG,Jachtklub Stoczni Gdańskiej
./mnt/data/Regaty\2022\1Liga\Runda 2\2022 1 Liga - Gdynia.csv,DZY,PŻKS Dżygit Białystok
./mnt/data/Regaty\2022\1Liga\Runda 2\2022 1 Liga - Gdynia.csv,WOL,UKS Albatros Wolin
./mnt/data/Regaty\2022\1Liga\Runda 2\2022 1 Liga - Gdynia.csv,GRP,Grupa Regatowa Powidz
./mnt/data/Regaty\2022\1Liga\Runda 2\2022 1 Liga - Gdynia.csv,LAS,Lasery Zegrze
./mnt/data/Regaty\2022\1Liga\Runda 2\2022 1 Liga - Gdynia.csv,ETI,Etisoft 2KMM Sailing Team
./mnt/data/Regaty\2022\1Liga\Runda 3\2022 1 Liga - Trzebież.csv,HRM,HRM Racing
./mnt/data/Regaty\2022\1Liga\Runda 3\2022 1 Liga - Trzebież.csv,RSR,Rockstars Racing
./mnt/data/Regaty\2022\1Liga\Runda 3\2022 1 Liga - Trzebież.csv,POL,Polsporty Sailing
./mnt/data/Regaty\2022\1Liga\Runda 3\2022 1 Liga - Trzebież.csv,YKL,Lubelskie YKP Lublin
./mnt/data/Regaty\2022\1Liga\Runda 3\2022 1 Liga - Trzebież.csv,PJK,Stowarzyszenie PPJK
./mnt/data/Regaty\2022\1Liga\Runda 3\2022 1 Liga - Trzebież.csv,KKZ,Kościański Klub Żeglarski
./mnt/data/Regaty\2022\1Liga\Runda 3\2022 1 Liga - Trzebież.csv,YS2,Yacht Club Sopot 2
./mnt/data/Regaty\2022\1Liga\Runda 3\2022 1 Liga - Trzebież.csv,AKA,Akademia Żeglarstwa w Środzie Wielkopolskiej
./mnt/data/Regaty\2022\1Liga\Runda 3\2022 1 Liga - Trzebież.csv,JSG,Jachtklub Stoczni Gdańskiej
./mnt/data/Regaty\2022\1Liga\Runda 3\2022 1 Liga - Trzebież.csv,NIE,KS Marina Niesulice
./mnt/data/Regaty\2022\1Liga\Runda 3\2022 1 Liga - Trzebież.csv,SLA,Slava Racing
./mnt/data/Regaty\2022\1Liga\Runda 3\2022 1 Liga - Trzebież.csv,OCC,Ocean Challenge Yacht Club
./mnt/data/Regaty\2022\1Liga\Runda 3\2022 1 Liga - Trzebież.csv,ETI,Etisoft 2KMM Sailing Team
./mnt/data/Regaty\2022\1Liga\Runda 3\2022 1 Liga - Trzebież.csv,LAS,Lasery Zegrze
./mnt/data/Regaty\2022\1Liga\Runda 3\2022 1 Liga - Trzebież.csv,DZY,PŻKS Dżygit Białystok
./mnt/data/Regaty\2022\1Liga\Runda 3\2022 1 Liga - Trzebież.csv,WOL,UKS Albatros Wolin
./mnt/data/Regaty\2022\1Liga\Runda 3\2022 1 Liga - Trzebież.csv,NAV,Interdoor UKS Navigo
./mnt/data/Regaty\2022\1Liga\Runda 3\2022 1 Liga - Trzebież.csv,GRP,Grupa Regatowa Powidz
./mnt/data/Regaty\2022\1Liga\Runda 4\2022 1 Liga - Warszawa.csv,HRM,HRM Racing
./mnt/data/Regaty\2022\1Liga\Runda 4\2022 1 Liga - Warszawa.csv,RSR,Rockstars Racing
./mnt/data/Regaty\2022\1Liga\Runda 4\2022 1 Liga - Warszawa.csv,OCC,Ocean Challenge Yacht Club
./mnt/data/Regaty\2022\1Liga\Runda 4\2022 1 Liga - Warszawa.csv,NIE,KS Marina Niesulice
./mnt/data/Regaty\2022\1Liga\Runda 4\2022 1 Liga - Warszawa.csv,YKL,Lubelskie YKP Lublin
./mnt/data/Regaty\2022\1Liga\Runda 4\2022 1 Liga - Warszawa.csv,POL,Polsporty Sailing
./mnt/data/Regaty\2022\1Liga\Runda 4\2022 1 Liga - Warszawa.csv,AKA,Akademia Żeglarstwa w Środzie Wielkopolskiej
./mnt/data/Regaty\2022\1Liga\Runda 4\2022 1 Liga - Warszawa.csv,JSG,Jachtklub Stoczni Gdańskiej
./mnt/data/Regaty\2022\1Liga\Runda 4\2022 1 Liga - Warszawa.csv,SLA,Slava Racing
./mnt/data/Regaty\2022\1Liga\Runda 4\2022 1 Liga - Warszawa.csv,KKZ,Kościański Klub Żeglarski
./mnt/data/Regaty\2022\1Liga\Runda 4\2022 1 Liga - Warszawa.csv,YS2,Yacht Club Sopot 2
./mnt/data/Regaty\2022\1Liga\Runda 4\2022 1 Liga - Warszawa.csv,DZY,PŻKS Dżygit Białystok
./mnt/data/Regaty\2022\1Liga\Runda 4\2022 1 Liga - Warszawa.csv,ETI,Etisoft 2KMM Sailing Team
./mnt/data/Regaty\2022\1Liga\Runda 4\2022 1 Liga - Warszawa.csv,GRP,Grupa Regatowa Powidz
./mnt/data/Regaty\2022\1Liga\Runda 4\2022 1 Liga - Warszawa.csv,PJK,Stowarzyszenie PPJK
./mnt/data/Regaty\2022\1Liga\Runda 4\2022 1 Liga - Warszawa.csv,NAV,Interdoor UKS Navigo
./mnt/data/Regaty\2022\1Liga\Runda 4\2022 1 Liga - Warszawa.csv,WOL,UKS Albatros Wolin
./mnt/data/Regaty\2022\1Liga\Runda 4\2022 1 Liga - Warszawa.csv,LAS,Lasery Zegrze
./mnt/data/Regaty\2022\2Liga\Runda 1\2022 2 Liga - Sopot (1).csv,MIC,Inex Green Micro Class
./mnt/data/Regaty\2022\2Liga\Runda 1\2022 2 Liga - Sopot (1).csv,YZ2,YKP Szczecin 2
./mnt/data/Regaty\2022\2Liga\Runda 1\2022 2 Liga - Sopot (1).csv,HAL,Klub Żeglarski Hals Gostynin
./mnt/data/Regaty\2022\2Liga\Runda 1\2022 2 Liga - Sopot (1).csv,POW,SKŻ Powidz
./mnt/data/Regaty\2022\2Liga\Runda 1\2022 2 Liga - Sopot (1).csv,YKW,YKP Warszawa
./mnt/data/Regaty\2022\2Liga\Runda 1\2022 2 Liga - Sopot (1).csv,RBP,Regatta Business Poland
./mnt/data/Regaty\2022\2Liga\Runda 1\2022 2 Liga - Sopot (1).csv,SAT,Chotomowski Klub Żeglarski Satchwell
./mnt/data/Regaty\2022\2Liga\Runda 1\2022 2 Liga - Sopot (1).csv,WTR,Warszawskie Towarzystwo Regatowe
./mnt/data/Regaty\2022\2Liga\Runda 2\2022 2 Liga - Sopot (2).csv,MIC,Inex Green Micro Class
./mnt/data/Regaty\2022\2Liga\Runda 2\2022 2 Liga - Sopot (2).csv,YKW,YKP Warszawa
./mnt/data/Regaty\2022\2Liga\Runda 2\2022 2 Liga - Sopot (2).csv,POW,SKŻ Powidz
./mnt/data/Regaty\2022\2Liga\Runda 2\2022 2 Liga - Sopot (2).csv,HAL,Klub Żeglarski Hals Gostynin
./mnt/data/Regaty\2022\2Liga\Runda 2\2022 2 Liga - Sopot (2).csv,RBP,Regatta Business Poland
./mnt/data/Regaty\2022\2Liga\Runda 2\2022 2 Liga - Sopot (2).csv,WTR,Warszawskie Towarzystwo Regatowe
./mnt/data/Regaty\2022\2Liga\Runda 2\2022 2 Liga - Sopot (2).csv,YZ2,YKP Szczecin 2
./mnt/data/Regaty\2022\2Liga\Runda 2\2022 2 Liga - Sopot (2).csv,SAT,Chotomowski Klub Żeglarski Satchwell
./mnt/data/Regaty\2022\2Liga\Runda 3\2022 2 Liga - Szczecin (1).csv,MIC,Inex Green Micro Class
./mnt/data/Regaty\2022\2Liga\Runda 3\2022 2 Liga - Szczecin (1).csv,POW,SKŻ Powidz
./mnt/data/Regaty\2022\2Liga\Runda 3\2022 2 Liga - Szczecin (1).csv,YZ2,YKP Szczecin 2
./mnt/data/Regaty\2022\2Liga\Runda 3\2022 2 Liga - Szczecin (1).csv,YKW,YKP Warszawa
./mnt/data/Regaty\2022\2Liga\Runda 3\2022 2 Liga - Szczecin (1).csv,RBP,Regatta Business Poland
./mnt/data/Regaty\2022\2Liga\Runda 3\2022 2 Liga - Szczecin (1).csv,HAL,Klub Żeglarski Hals Gostynin
./mnt/data/Regaty\2022\2Liga\Runda 3\2022 2 Liga - Szczecin (1).csv,WTR,Warszawskie Towarzystwo Regatowe
./mnt/data/Regaty\2022\2Liga\Runda 3\2022 2 Liga - Szczecin (1).csv,SAT,Chotomowski Klub Żeglarski Satchwell
./mnt/data/Regaty\2022\2Liga\Runda 3\2022 2 Liga - Szczecin (1).csv,PJ2,Gandalf Stowarzyszenie PPJK 2
./mnt/data/Regaty\2022\2Liga\Runda 4\2022 2 Liga - Szczecin (2).csv,HAL,Klub Żeglarski Hals Gostynin
./mnt/data/Regaty\2022\2Liga\Runda 4\2022 2 Liga - Szczecin (2).csv,MIC,Inex Green Micro Class
./mnt/data/Regaty\2022\2Liga\Runda 4\2022 2 Liga - Szczecin (2).csv,YZ2,YKP Szczecin 2
./mnt/data/Regaty\2022\2Liga\Runda 4\2022 2 Liga - Szczecin (2).csv,POW,SKŻ Powidz
./mnt/data/Regaty\2022\2Liga\Runda 4\2022 2 Liga - Szczecin (2).csv,SAT,Chotomowski Klub Żeglarski Satchwell
./mnt/data/Regaty\2022\2Liga\Runda 4\2022 2 Liga - Szczecin (2).csv,YKW,YKP Warszawa
./mnt/data/Regaty\2022\2Liga\Runda 4\2022 2 Liga - Szczecin (2).csv,RBP,Regatta Business Poland
./mnt/data/Regaty\2022\2Liga\Runda 4\2022 2 Liga - Szczecin (2).csv,PJ2,Gandalf Stowarzyszenie PPJK 2
./mnt/data/Regaty\2022\2Liga\Runda 4\2022 2 Liga - Szczecin (2).csv,WTR,Warszawskie Towarzystwo Regatowe
./mnt/data/Regaty\2022\Ekstraklasa\Runda 1\2022 Ekstraklasa - Sopot.csv,BLX,Balex YKP Gdynia
./mnt/data/Regaty\2022\Ekstraklasa\Runda 1\2022 Ekstraklasa - Sopot.csv,YCG,Yacht Club Gdańsk
./mnt/data/Regaty\2022\Ekstraklasa\Runda 1\2022 Ekstraklasa - Sopot.csv,LEG,Legia Warszawa
./mnt/data/Regaty\2022\Ekstraklasa\Runda 1\2022 Ekstraklasa - Sopot.csv,AWF,AZS AWFiS Gdańsk
./mnt/data/Regaty\2022\Ekstraklasa\Runda 1\2022 Ekstraklasa - Sopot.csv,YKS,YKP Szczecin
./mnt/data/Regaty\2022\Ekstraklasa\Runda 1\2022 Ekstraklasa - Sopot.csv,WRO,UKS Żeglarz Wrocław
./mnt/data/Regaty\2022\Ekstraklasa\Runda 1\2022 Ekstraklasa - Sopot.csv,WAT,AZS WAT Warszawa
./mnt/data/Regaty\2022\Ekstraklasa\Runda 1\2022 Ekstraklasa - Sopot.csv,JNG,Junga Gdynia Olsztyński Klub Żeglarski
./mnt/data/Regaty\2022\Ekstraklasa\Runda 1\2022 Ekstraklasa - Sopot.csv,POG,Pogoń Szczecin
./mnt/data/Regaty\2022\Ekstraklasa\Runda 1\2022 Ekstraklasa - Sopot.csv,ISK,KS Iskra AMW Gdynia
./mnt/data/Regaty\2022\Ekstraklasa\Runda 1\2022 Ekstraklasa - Sopot.csv,SZT,Sztorm Grupa
./mnt/data/Regaty\2022\Ekstraklasa\Runda 1\2022 Ekstraklasa - Sopot.csv,YCS,Yacht Club Sopot
./mnt/data/Regaty\2022\Ekstraklasa\Runda 1\2022 Ekstraklasa - Sopot.csv,YCB,Yacht Club Białołęka
./mnt/data/Regaty\2022\Ekstraklasa\Runda 1\2022 Ekstraklasa - Sopot.csv,SPO,Sport Vita Ski&Sail
./mnt/data/Regaty\2022\Ekstraklasa\Runda 1\2022 Ekstraklasa - Sopot.csv,GAR,Miasto Gliwice KW Garland
./mnt/data/Regaty\2022\Ekstraklasa\Runda 1\2022 Ekstraklasa - Sopot.csv,GGR,Giżycka Grupa Regatowa Nowy Sztynort Osada Wolności
./mnt/data/Regaty\2022\Ekstraklasa\Runda 1\2022 Ekstraklasa - Sopot.csv,PGR,AZS Politechnika Gdańska
./mnt/data/Regaty\2022\Ekstraklasa\Runda 1\2022 Ekstraklasa - Sopot.csv,ODY,Odyssey Sailing Club
./mnt/data/Regaty\2022\Ekstraklasa\Runda 2\2022 Ekstraklasa - Gdynia.csv,BLX,Balex YKP Gdynia
./mnt/data/Regaty\2022\Ekstraklasa\Runda 2\2022 Ekstraklasa - Gdynia.csv,LEG,Legia Warszawa
./mnt/data/Regaty\2022\Ekstraklasa\Runda 2\2022 Ekstraklasa - Gdynia.csv,POG,Pogoń Szczecin
./mnt/data/Regaty\2022\Ekstraklasa\Runda 2\2022 Ekstraklasa - Gdynia.csv,PGR,AZS Politechnika Gdańska
./mnt/data/Regaty\2022\Ekstraklasa\Runda 2\2022 Ekstraklasa - Gdynia.csv,YCG,Yacht Club Gdańsk
./mnt/data/Regaty\2022\Ekstraklasa\Runda 2\2022 Ekstraklasa - Gdynia.csv,AWF,AZS AWFiS Gdańsk
./mnt/data/Regaty\2022\Ekstraklasa\Runda 2\2022 Ekstraklasa - Gdynia.csv,YKS,YKP Szczecin
./mnt/data/Regaty\2022\Ekstraklasa\Runda 2\2022 Ekstraklasa - Gdynia.csv,WAT,AZS WAT Warszawa
./mnt/data/Regaty\2022\Ekstraklasa\Runda 2\2022 Ekstraklasa - Gdynia.csv,ISK,KS Iskra AMW Gdynia
./mnt/data/Regaty\2022\Ekstraklasa\Runda 2\2022 Ekstraklasa - Gdynia.csv,SZT,Sztorm Grupa
./mnt/data/Regaty\2022\Ekstraklasa\Runda 2\2022 Ekstraklasa - Gdynia.csv,SPO,Sport Vita Ski&Sail
./mnt/data/Regaty\2022\Ekstraklasa\Runda 2\2022 Ekstraklasa - Gdynia.csv,YCB,Yacht Club Białołęka
./mnt/data/Regaty\2022\Ekstraklasa\Runda 2\2022 Ekstraklasa - Gdynia.csv,WRO,UKS Żeglarz Wrocław
./mnt/data/Regaty\2022\Ekstraklasa\Runda 2\2022 Ekstraklasa - Gdynia.csv,JNG,Junga Gdynia Olsztyński Klub Żeglarski
./mnt/data/Regaty\2022\Ekstraklasa\Runda 2\2022 Ekstraklasa - Gdynia.csv,GGR,Giżycka Grupa Regatowa Nowy Sztynort Osada Wolności
./mnt/data/Regaty\2022\Ekstraklasa\Runda 2\2022 Ekstraklasa - Gdynia.csv,YCS,Yacht Club Sopot
./mnt/data/Regaty\2022\Ekstraklasa\Runda 2\2022 Ekstraklasa - Gdynia.csv,ODY,Odyssey Sailing Club
./mnt/data/Regaty\2022\Ekstraklasa\Runda 2\2022 Ekstraklasa - Gdynia.csv,GAR,Miasto Gliwice KW Garland
./mnt/data/Regaty\2022\Ekstraklasa\Runda 3\2022 Ekstraklasa - Trzebież.csv,BLX,Balex YKP Gdynia
./mnt/data/Regaty\2022\Ekstraklasa\Runda 3\2022 Ekstraklasa - Trzebież.csv,JNG,Junga Gdynia Olsztyński Klub Żeglarski
./mnt/data/Regaty\2022\Ekstraklasa\Runda 3\2022 Ekstraklasa - Trzebież.csv,YCG,Yacht Club Gdańsk
./mnt/data/Regaty\2022\Ekstraklasa\Runda 3\2022 Ekstraklasa - Trzebież.csv,YCS,Yacht Club Sopot
./mnt/data/Regaty\2022\Ekstraklasa\Runda 3\2022 Ekstraklasa - Trzebież.csv,WAT,AZS WAT Warszawa
./mnt/data/Regaty\2022\Ekstraklasa\Runda 3\2022 Ekstraklasa - Trzebież.csv,POG,Pogoń Szczecin
./mnt/data/Regaty\2022\Ekstraklasa\Runda 3\2022 Ekstraklasa - Trzebież.csv,GGR,Giżycka Grupa Regatowa Nowy Sztynort Osada Wolności
./mnt/data/Regaty\2022\Ekstraklasa\Runda 3\2022 Ekstraklasa - Trzebież.csv,WRO,UKS Żeglarz Wrocław
./mnt/data/Regaty\2022\Ekstraklasa\Runda 3\2022 Ekstraklasa - Trzebież.csv,ISK,KS Iskra AMW Gdynia
./mnt/data/Regaty\2022\Ekstraklasa\Runda 3\2022 Ekstraklasa - Trzebież.csv,LEG,Legia Warszawa
./mnt/data/Regaty\2022\Ekstraklasa\Runda 3\2022 Ekstraklasa - Trzebież.csv,AWF,AZS AWFiS Gdańsk
./mnt/data/Regaty\2022\Ekstraklasa\Runda 3\2022 Ekstraklasa - Trzebież.csv,PGR,AZS Politechnika Gdańska
./mnt/data/Regaty\2022\Ekstraklasa\Runda 3\2022 Ekstraklasa - Trzebież.csv,YKS,YKP Szczecin
./mnt/data/Regaty\2022\Ekstraklasa\Runda 3\2022 Ekstraklasa - Trzebież.csv,GAR,Miasto Gliwice KW Garland
./mnt/data/Regaty\2022\Ekstraklasa\Runda 3\2022 Ekstraklasa - Trzebież.csv,SZT,Sztorm Grupa
./mnt/data/Regaty\2022\Ekstraklasa\Runda 3\2022 Ekstraklasa - Trzebież.csv,SPO,Sport Vita Ski&Sail
./mnt/data/Regaty\2022\Ekstraklasa\Runda 3\2022 Ekstraklasa - Trzebież.csv,YCB,Yacht Club Białołęka
./mnt/data/Regaty\2022\Ekstraklasa\Runda 3\2022 Ekstraklasa - Trzebież.csv,ODY,Odyssey Sailing Club
./mnt/data/Regaty\2022\Ekstraklasa\Runda 4\2022 Ekstraklasa - Warszawa.csv,AWF,AZS AWFiS Gdańsk
./mnt/data/Regaty\2022\Ekstraklasa\Runda 4\2022 Ekstraklasa - Warszawa.csv,PGR,AZS Politechnika Gdańska
./mnt/data/Regaty\2022\Ekstraklasa\Runda 4\2022 Ekstraklasa - Warszawa.csv,WAT,AZS WAT Warszawa
./mnt/data/Regaty\2022\Ekstraklasa\Runda 4\2022 Ekstraklasa - Warszawa.csv,BLX,Balex YKP Gdynia
./mnt/data/Regaty\2022\Ekstraklasa\Runda 4\2022 Ekstraklasa - Warszawa.csv,GGR,Giżycka Grupa Regatowa Nowy Sztynort Osada Wolności
./mnt/data/Regaty\2022\Ekstraklasa\Runda 4\2022 Ekstraklasa - Warszawa.csv,JNG,Junga Gdynia Olsztyński Klub Żeglarski
./mnt/data/Regaty\2022\Ekstraklasa\Runda 4\2022 Ekstraklasa - Warszawa.csv,ISK,KS Iskra AMW Gdynia
./mnt/data/Regaty\2022\Ekstraklasa\Runda 4\2022 Ekstraklasa - Warszawa.csv,LEG,Legia Warszawa
./mnt/data/Regaty\2022\Ekstraklasa\Runda 4\2022 Ekstraklasa - Warszawa.csv,GAR,Miasto Gliwice KW Garland
./mnt/data/Regaty\2022\Ekstraklasa\Runda 4\2022 Ekstraklasa - Warszawa.csv,ODY,Odyssey Sailing Club
./mnt/data/Regaty\2022\Ekstraklasa\Runda 4\2022 Ekstraklasa - Warszawa.csv,POG,Pogoń Szczecin
./mnt/data/Regaty\2022\Ekstraklasa\Runda 4\2022 Ekstraklasa - Warszawa.csv,SPO,Sport Vita Ski&Sail
./mnt/data/Regaty\2022\Ekstraklasa\Runda 4\2022 Ekstraklasa - Warszawa.csv,SZT,Sztorm Grupa
./mnt/data/Regaty\2022\Ekstraklasa\Runda 4\2022 Ekstraklasa - Warszawa.csv,WRO,UKS Żeglarz Wrocław
./mnt/data/Regaty\2022\Ekstraklasa\Runda 4\2022 Ekstraklasa - Warszawa.csv,YKS,YKP Szczecin
./mnt/data/Regaty\2022\Ekstraklasa\Runda 4\2022 Ekstraklasa - Warszawa.csv,YCB,Yacht Club Białołęka
./mnt/data/Regaty\2022\Ekstraklasa\Runda 4\2022 Ekstraklasa - Warszawa.csv,YCG,Yacht Club Gdańsk
./mnt/data/Regaty\2022\Ekstraklasa\Runda 4\2022 Ekstraklasa - Warszawa.csv,YCS,Yacht Club Sopot
./mnt/data/Regaty\2023\1Liga\Runda 1\2023 1 Liga - Sopot.csv,OCC,Ocean Challenge Yacht Club
./mnt/data/Regaty\2023\1Liga\Runda 1\2023 1 Liga - Sopot.csv,WOL,UKS Albatros Wolin
./mnt/data/Regaty\2023\1Liga\Runda 1\2023 1 Liga - Sopot.csv,SPO,Sport Vita Ski&Sail
./mnt/data/Regaty\2023\1Liga\Runda 1\2023 1 Liga - Sopot.csv,KKZ,Kościański Klub Żeglarski
./mnt/data/Regaty\2023\1Liga\Runda 1\2023 1 Liga - Sopot.csv,JSG,Jachtklub Stoczni Gdańskiej
./mnt/data/Regaty\2023\1Liga\Runda 1\2023 1 Liga - Sopot.csv,ODY,Odyssey Sailing Club
./mnt/data/Regaty\2023\1Liga\Runda 1\2023 1 Liga - Sopot.csv,YS2,Yacht Club Sopot 2
./mnt/data/Regaty\2023\1Liga\Runda 1\2023 1 Liga - Sopot.csv,GAR,KW Garland
./mnt/data/Regaty\2023\1Liga\Runda 1\2023 1 Liga - Sopot.csv,NIE,KS Marina Niesulice
./mnt/data/Regaty\2023\1Liga\Runda 1\2023 1 Liga - Sopot.csv,PJK,Stowarzyszenie PPJK
./mnt/data/Regaty\2023\1Liga\Runda 1\2023 1 Liga - Sopot.csv,NAV,UKS Navigo
./mnt/data/Regaty\2023\1Liga\Runda 1\2023 1 Liga - Sopot.csv,HAL,Klub Żeglarski HALS Gostynin
./mnt/data/Regaty\2023\1Liga\Runda 1\2023 1 Liga - Sopot.csv,YCB,Yacht Club Białołeka
./mnt/data/Regaty\2023\1Liga\Runda 1\2023 1 Liga - Sopot.csv,ETI,Etisoft 2KMM Sailing Team
./mnt/data/Regaty\2023\1Liga\Runda 1\2023 1 Liga - Sopot.csv,POW,SKŻ Powidz
./mnt/data/Regaty\2023\1Liga\Runda 1\2023 1 Liga - Sopot.csv,SLA,Slava Racing
./mnt/data/Regaty\2023\1Liga\Runda 1\2023 1 Liga - Sopot.csv,MEW,Małe Elektrownie Wodne Micro Class
./mnt/data/Regaty\2023\1Liga\Runda 1\2023 1 Liga - Sopot.csv,GRP,Grupa Regatowa Powidz
./mnt/data/Regaty\2023\1Liga\Runda 2\2023 1 Liga - Gdynia.csv,SPO,Sport Vita Ski&Sail
./mnt/data/Regaty\2023\1Liga\Runda 2\2023 1 Liga - Gdynia.csv,YCB,Yacht Club Białołeka
./mnt/data/Regaty\2023\1Liga\Runda 2\2023 1 Liga - Gdynia.csv,SLA,Slava Racing
./mnt/data/Regaty\2023\1Liga\Runda 2\2023 1 Liga - Gdynia.csv,WOL,UKS Albatros Wolin
./mnt/data/Regaty\2023\1Liga\Runda 2\2023 1 Liga - Gdynia.csv,KKZ,Kościański Klub Żeglarski
./mnt/data/Regaty\2023\1Liga\Runda 2\2023 1 Liga - Gdynia.csv,OCC,Ocean Challenge Yacht Club
./mnt/data/Regaty\2023\1Liga\Runda 2\2023 1 Liga - Gdynia.csv,YS2,Yacht Club Sopot 2
./mnt/data/Regaty\2023\1Liga\Runda 2\2023 1 Liga - Gdynia.csv,GAR,KW Garland
./mnt/data/Regaty\2023\1Liga\Runda 2\2023 1 Liga - Gdynia.csv,NAV,UKS Navigo
./mnt/data/Regaty\2023\1Liga\Runda 2\2023 1 Liga - Gdynia.csv,NIE,KS Marina Niesulice
./mnt/data/Regaty\2023\1Liga\Runda 2\2023 1 Liga - Gdynia.csv,HAL,Klub Żeglarski HALS Gostynin
./mnt/data/Regaty\2023\1Liga\Runda 2\2023 1 Liga - Gdynia.csv,JSG,Jachtklub Stoczni Gdańskiej
./mnt/data/Regaty\2023\1Liga\Runda 2\2023 1 Liga - Gdynia.csv,ODY,Odyssey Sailing Club
./mnt/data/Regaty\2023\1Liga\Runda 2\2023 1 Liga - Gdynia.csv,MEW,Małe Elektrownie Wodne Micro Class
./mnt/data/Regaty\2023\1Liga\Runda 2\2023 1 Liga - Gdynia.csv,GRP,Grupa Regatowa Powidz
./mnt/data/Regaty\2023\1Liga\Runda 2\2023 1 Liga - Gdynia.csv,PJK,Stowarzyszenie PPJK
./mnt/data/Regaty\2023\1Liga\Runda 2\2023 1 Liga - Gdynia.csv,POW,SKŻ Powidz
./mnt/data/Regaty\2023\1Liga\Runda 2\2023 1 Liga - Gdynia.csv,ETI,Etisoft 2KMM Sailing Team
./mnt/data/Regaty\2023\1Liga\Runda 3\2023 1 Liga - Olsztyn.csv,WOL,UKS Albatros Wolin
./mnt/data/Regaty\2023\1Liga\Runda 3\2023 1 Liga - Olsztyn.csv,SPO,Sport Vita Ski&Sail
./mnt/data/Regaty\2023\1Liga\Runda 3\2023 1 Liga - Olsztyn.csv,OCC,Ocean Challenge Yacht Club
./mnt/data/Regaty\2023\1Liga\Runda 3\2023 1 Liga - Olsztyn.csv,NIE,KS Marina Niesulice
./mnt/data/Regaty\2023\1Liga\Runda 3\2023 1 Liga - Olsztyn.csv,KKZ,Kościański Klub Żeglarski
./mnt/data/Regaty\2023\1Liga\Runda 3\2023 1 Liga - Olsztyn.csv,YCB,Yacht Club Białołeka
./mnt/data/Regaty\2023\1Liga\Runda 3\2023 1 Liga - Olsztyn.csv,PJK,Stowarzyszenie PPJK
./mnt/data/Regaty\2023\1Liga\Runda 3\2023 1 Liga - Olsztyn.csv,SLA,Slava Racing
./mnt/data/Regaty\2023\1Liga\Runda 3\2023 1 Liga - Olsztyn.csv,GRP,Grupa Regatowa Powidz
./mnt/data/Regaty\2023\1Liga\Runda 3\2023 1 Liga - Olsztyn.csv,GAR,KW Garland
./mnt/data/Regaty\2023\1Liga\Runda 3\2023 1 Liga - Olsztyn.csv,JSG,Jachtklub Stoczni Gdańskiej
./mnt/data/Regaty\2023\1Liga\Runda 3\2023 1 Liga - Olsztyn.csv,HAL,Klub Żeglarski HALS Gostynin
./mnt/data/Regaty\2023\1Liga\Runda 3\2023 1 Liga - Olsztyn.csv,NAV,UKS Navigo
./mnt/data/Regaty\2023\1Liga\Runda 3\2023 1 Liga - Olsztyn.csv,YS2,Yacht Club Sopot 2
./mnt/data/Regaty\2023\1Liga\Runda 3\2023 1 Liga - Olsztyn.csv,POW,SKŻ Powidz
./mnt/data/Regaty\2023\1Liga\Runda 3\2023 1 Liga - Olsztyn.csv,MEW,Małe Elektrownie Wodne Micro Class
./mnt/data/Regaty\2023\1Liga\Runda 3\2023 1 Liga - Olsztyn.csv,ODY,Odyssey Sailing Club
./mnt/data/Regaty\2023\1Liga\Runda 3\2023 1 Liga - Olsztyn.csv,ETI,Etisoft 2KMM Sailing Team
./mnt/data/Regaty\2023\1Liga\Runda 4\2023 1 Liga - Sztynort.csv,SLA,Slava Racing
./mnt/data/Regaty\2023\1Liga\Runda 4\2023 1 Liga - Sztynort.csv,WOL,UKS Albatros Wolin
./mnt/data/Regaty\2023\1Liga\Runda 4\2023 1 Liga - Sztynort.csv,NIE,KS Marina Niesulice
./mnt/data/Regaty\2023\1Liga\Runda 4\2023 1 Liga - Sztynort.csv,NAV,UKS Navigo
./mnt/data/Regaty\2023\1Liga\Runda 4\2023 1 Liga - Sztynort.csv,PJK,Stowarzyszenie PPJK
./mnt/data/Regaty\2023\1Liga\Runda 4\2023 1 Liga - Sztynort.csv,GAR,KW Garland
./mnt/data/Regaty\2023\1Liga\Runda 4\2023 1 Liga - Sztynort.csv,SPO,Sport Vita Ski&Sail
./mnt/data/Regaty\2023\1Liga\Runda 4\2023 1 Liga - Sztynort.csv,OCC,Ocean Challenge Yacht Club
./mnt/data/Regaty\2023\1Liga\Runda 4\2023 1 Liga - Sztynort.csv,JSG,Jachtklub Stoczni Gdańskiej
./mnt/data/Regaty\2023\1Liga\Runda 4\2023 1 Liga - Sztynort.csv,KKZ,Kościański Klub Żeglarski
./mnt/data/Regaty\2023\1Liga\Runda 4\2023 1 Liga - Sztynort.csv,YS2,Yacht Club Sopot 2
./mnt/data/Regaty\2023\1Liga\Runda 4\2023 1 Liga - Sztynort.csv,YCB,Yacht Club Białołeka
./mnt/data/Regaty\2023\1Liga\Runda 4\2023 1 Liga - Sztynort.csv,POW,SKŻ Powidz
./mnt/data/Regaty\2023\1Liga\Runda 4\2023 1 Liga - Sztynort.csv,ODY,Odyssey Sailing Club
./mnt/data/Regaty\2023\1Liga\Runda 4\2023 1 Liga - Sztynort.csv,HAL,Klub Żeglarski HALS Gostynin
./mnt/data/Regaty\2023\1Liga\Runda 4\2023 1 Liga - Sztynort.csv,ETI,Etisoft 2KMM Sailing Team
./mnt/data/Regaty\2023\1Liga\Runda 4\2023 1 Liga - Sztynort.csv,MEW,Małe Elektrownie Wodne Micro Class
./mnt/data/Regaty\2023\1Liga\Runda 4\2023 1 Liga - Sztynort.csv,GRP,Grupa Regatowa Powidz
./mnt/data/Regaty\2023\2Liga\Runda 1\2023 2 Liga - 1 runda.csv,ONB,Onboard
./mnt/data/Regaty\2023\2Liga\Runda 1\2023 2 Liga - 1 runda.csv,NSZ,Jachtklub Nowy Sztynort
./mnt/data/Regaty\2023\2Liga\Runda 1\2023 2 Liga - 1 runda.csv,YKW,YKP Warszawa
./mnt/data/Regaty\2023\2Liga\Runda 1\2023 2 Liga - 1 runda.csv,BSA,BSA Flota Gdynia
./mnt/data/Regaty\2023\2Liga\Runda 1\2023 2 Liga - 1 runda.csv,MEC,Port Mechelinki
./mnt/data/Regaty\2023\2Liga\Runda 1\2023 2 Liga - 1 runda.csv,SRC,Symfonia Racing
./mnt/data/Regaty\2023\2Liga\Runda 1\2023 2 Liga - 1 runda.csv,R2S,R2 Sailing Team
./mnt/data/Regaty\2023\2Liga\Runda 1\2023 2 Liga - 1 runda.csv,YZ2,YKP Szczecin 2
./mnt/data/Regaty\2023\2Liga\Runda 1\2023 2 Liga - 1 runda.csv,SOL,KS Puchar Soliny
./mnt/data/Regaty\2023\2Liga\Runda 1\2023 2 Liga - 1 runda.csv,RBP,Regatta Business Poland
./mnt/data/Regaty\2023\2Liga\Runda 1\2023 2 Liga - 1 runda.csv,HEA,Hear Studio Sailing Team
./mnt/data/Regaty\2023\2Liga\Runda 2\2023 2 Liga - 2 runda.csv,MEC,Port Mechelinki
./mnt/data/Regaty\2023\2Liga\Runda 2\2023 2 Liga - 2 runda.csv,YKW,YKP Warszawa
./mnt/data/Regaty\2023\2Liga\Runda 2\2023 2 Liga - 2 runda.csv,BSA,BSA Flota Gdynia
./mnt/data/Regaty\2023\2Liga\Runda 2\2023 2 Liga - 2 runda.csv,ONB,Onboard
./mnt/data/Regaty\2023\2Liga\Runda 2\2023 2 Liga - 2 runda.csv,YZ2,YKP Szczecin 2
./mnt/data/Regaty\2023\2Liga\Runda 2\2023 2 Liga - 2 runda.csv,NSZ,Jachtklub Nowy Sztynort
./mnt/data/Regaty\2023\2Liga\Runda 2\2023 2 Liga - 2 runda.csv,SOL,KS Puchar Soliny
./mnt/data/Regaty\2023\2Liga\Runda 2\2023 2 Liga - 2 runda.csv,RBP,Regatta Business Poland
./mnt/data/Regaty\2023\2Liga\Runda 2\2023 2 Liga - 2 runda.csv,HEA,Hear Studio Sailing Team
./mnt/data/Regaty\2023\2Liga\Runda 2\2023 2 Liga - 2 runda.csv,SRC,Symfonia Racing
./mnt/data/Regaty\2023\2Liga\Runda 2\2023 2 Liga - 2 runda.csv,R2S,R2 Sailing Team
./mnt/data/Regaty\2023\2Liga\Runda 3\2023 2 Liga - 3 runda.csv,ONB,Onboard
./mnt/data/Regaty\2023\2Liga\Runda 3\2023 2 Liga - 3 runda.csv,MEC,Port Mechelinki
./mnt/data/Regaty\2023\2Liga\Runda 3\2023 2 Liga - 3 runda.csv,BSA,BSA Flota Gdynia
./mnt/data/Regaty\2023\2Liga\Runda 3\2023 2 Liga - 3 runda.csv,NSZ,Jachtklub Nowy Sztynort
./mnt/data/Regaty\2023\2Liga\Runda 3\2023 2 Liga - 3 runda.csv,YKW,YKP Warszawa
./mnt/data/Regaty\2023\2Liga\Runda 3\2023 2 Liga - 3 runda.csv,SOL,KS Puchar Soliny
./mnt/data/Regaty\2023\2Liga\Runda 3\2023 2 Liga - 3 runda.csv,R2S,R2 Sailing Team
./mnt/data/Regaty\2023\2Liga\Runda 3\2023 2 Liga - 3 runda.csv,YZ2,YKP Szczecin 2
./mnt/data/Regaty\2023\2Liga\Runda 3\2023 2 Liga - 3 runda.csv,RBP,Regatta Business Poland
./mnt/data/Regaty\2023\2Liga\Runda 3\2023 2 Liga - 3 runda.csv,HEA,Hear Studio Sailing Team
./mnt/data/Regaty\2023\2Liga\Runda 3\2023 2 Liga - 3 runda.csv,SRC,Symfonia Racing
./mnt/data/Regaty\2023\2Liga\Runda 3\2023 2 Liga - 3 runda.csv,AZS,AZS Poznań
./mnt/data/Regaty\2023\2Liga\Runda 4\2023 2 Liga - Finał.csv,BSA,BSA Flota Gdynia
./mnt/data/Regaty\2023\2Liga\Runda 4\2023 2 Liga - Finał.csv,NSZ,Jachtklub Nowy Sztynort
./mnt/data/Regaty\2023\2Liga\Runda 4\2023 2 Liga - Finał.csv,MEC,Port Mechelinki
./mnt/data/Regaty\2023\2Liga\Runda 4\2023 2 Liga - Finał.csv,ONB,Onboard
./mnt/data/Regaty\2023\2Liga\Runda 4\2023 2 Liga - Finał.csv,YKW,YKP Warszawa
./mnt/data/Regaty\2023\2Liga\Runda 4\2023 2 Liga - Finał.csv,AZS,AZS Poznań
./mnt/data/Regaty\2023\2Liga\Runda 4\2023 2 Liga - Finał.csv,YZ2,YKP Szczecin 2
./mnt/data/Regaty\2023\2Liga\Runda 4\2023 2 Liga - Finał.csv,RBP,Regatta Business Poland
./mnt/data/Regaty\2023\2Liga\Runda 4\2023 2 Liga - Finał.csv,SRC,Symfonia Racing
./mnt/data/Regaty\2023\2Liga\Runda 4\2023 2 Liga - Finał.csv,HEA,Hear Studio Sailing Team
./mnt/data/Regaty\2023\Ekstraklasa\Runda 1\2023 Ekstraklasa - Sopot.csv,YKL,Lubelskie YKP Lublin
./mnt/data/Regaty\2023\Ekstraklasa\Runda 1\2023 Ekstraklasa - Sopot.csv,YCG,Yacht Club Gdańsk
./mnt/data/Regaty\2023\Ekstraklasa\Runda 1\2023 Ekstraklasa - Sopot.csv,YKP,YKP Gdynia
./mnt/data/Regaty\2023\Ekstraklasa\Runda 1\2023 Ekstraklasa - Sopot.csv,YCS,Yacht Club Sopot
./mnt/data/Regaty\2023\Ekstraklasa\Runda 1\2023 Ekstraklasa - Sopot.csv,SZT,Sztorm Grupa Warszawa
./mnt/data/Regaty\2023\Ekstraklasa\Runda 1\2023 Ekstraklasa - Sopot.csv,HRM,HRM Racing
./mnt/data/Regaty\2023\Ekstraklasa\Runda 1\2023 Ekstraklasa - Sopot.csv,YKS,YKP Szczecin
./mnt/data/Regaty\2023\Ekstraklasa\Runda 1\2023 Ekstraklasa - Sopot.csv,LEG,Legia Warszawa
./mnt/data/Regaty\2023\Ekstraklasa\Runda 1\2023 Ekstraklasa - Sopot.csv,WAT,AZS WAT Warszawa
./mnt/data/Regaty\2023\Ekstraklasa\Runda 1\2023 Ekstraklasa - Sopot.csv,NSO,Nowy Sztynort Osada Wolności Giżycka Grupa Regatowa
./mnt/data/Regaty\2023\Ekstraklasa\Runda 1\2023 Ekstraklasa - Sopot.csv,POG,Pogoń Szczecin
./mnt/data/Regaty\2023\Ekstraklasa\Runda 1\2023 Ekstraklasa - Sopot.csv,RSR,On Lemon Rockstars Racing
./mnt/data/Regaty\2023\Ekstraklasa\Runda 1\2023 Ekstraklasa - Sopot.csv,ISK,KS Iskra AMW Gdynia
./mnt/data/Regaty\2023\Ekstraklasa\Runda 1\2023 Ekstraklasa - Sopot.csv,WRO,UKS Żeglarz Wrocław
./mnt/data/Regaty\2023\Ekstraklasa\Runda 1\2023 Ekstraklasa - Sopot.csv,PGR,AZS Politechnika Gdańska
./mnt/data/Regaty\2023\Ekstraklasa\Runda 1\2023 Ekstraklasa - Sopot.csv,AWF,AZS AWFiS Gdańsk
./mnt/data/Regaty\2023\Ekstraklasa\Runda 1\2023 Ekstraklasa - Sopot.csv,POL,Polsporty Sailing
./mnt/data/Regaty\2023\Ekstraklasa\Runda 1\2023 Ekstraklasa - Sopot.csv,OKZ,Olsztyński Klub Żeglarski
./mnt/data/Regaty\2023\Ekstraklasa\Runda 2\2023 Ekstraklasa - Gdynia.csv,POG,Pogoń Szczecin
./mnt/data/Regaty\2023\Ekstraklasa\Runda 2\2023 Ekstraklasa - Gdynia.csv,YKS,YKP Szczecin
./mnt/data/Regaty\2023\Ekstraklasa\Runda 2\2023 Ekstraklasa - Gdynia.csv,HRM,HRM Racing
./mnt/data/Regaty\2023\Ekstraklasa\Runda 2\2023 Ekstraklasa - Gdynia.csv,YCG,Yacht Club Gdańsk
./mnt/data/Regaty\2023\Ekstraklasa\Runda 2\2023 Ekstraklasa - Gdynia.csv,NSO,Nowy Sztynort Osada Wolności Giżycka Grupa Regatowa
./mnt/data/Regaty\2023\Ekstraklasa\Runda 2\2023 Ekstraklasa - Gdynia.csv,YCS,Yacht Club Sopot
./mnt/data/Regaty\2023\Ekstraklasa\Runda 2\2023 Ekstraklasa - Gdynia.csv,LEG,Legia Warszawa
./mnt/data/Regaty\2023\Ekstraklasa\Runda 2\2023 Ekstraklasa - Gdynia.csv,WAT,AZS WAT Warszawa
./mnt/data/Regaty\2023\Ekstraklasa\Runda 2\2023 Ekstraklasa - Gdynia.csv,RSR,On Lemon Rockstars Racing
./mnt/data/Regaty\2023\Ekstraklasa\Runda 2\2023 Ekstraklasa - Gdynia.csv,YKP,YKP Gdynia
./mnt/data/Regaty\2023\Ekstraklasa\Runda 2\2023 Ekstraklasa - Gdynia.csv,YKL,Lubelskie YKP Lublin
./mnt/data/Regaty\2023\Ekstraklasa\Runda 2\2023 Ekstraklasa - Gdynia.csv,WRO,UKS Żeglarz Wrocław
./mnt/data/Regaty\2023\Ekstraklasa\Runda 2\2023 Ekstraklasa - Gdynia.csv,AWF,AZS AWFiS Gdańsk
./mnt/data/Regaty\2023\Ekstraklasa\Runda 2\2023 Ekstraklasa - Gdynia.csv,PGR,AZS Politechnika Gdańska
./mnt/data/Regaty\2023\Ekstraklasa\Runda 2\2023 Ekstraklasa - Gdynia.csv,SZT,Sztorm Grupa Warszawa
./mnt/data/Regaty\2023\Ekstraklasa\Runda 2\2023 Ekstraklasa - Gdynia.csv,POL,Polsporty Sailing
./mnt/data/Regaty\2023\Ekstraklasa\Runda 2\2023 Ekstraklasa - Gdynia.csv,OKZ,Olsztyński Klub Żeglarski
./mnt/data/Regaty\2023\Ekstraklasa\Runda 2\2023 Ekstraklasa - Gdynia.csv,ISK,KS Iskra AMW Gdynia
./mnt/data/Regaty\2023\Ekstraklasa\Runda 3\2023 Ekstraklasa - Olsztyn.csv,WRO,UKS Żeglarz Wrocław
./mnt/data/Regaty\2023\Ekstraklasa\Runda 3\2023 Ekstraklasa - Olsztyn.csv,YKP,YKP Gdynia
./mnt/data/Regaty\2023\Ekstraklasa\Runda 3\2023 Ekstraklasa - Olsztyn.csv,YCG,Yacht Club Gdańsk
./mnt/data/Regaty\2023\Ekstraklasa\Runda 3\2023 Ekstraklasa - Olsztyn.csv,WAT,AZS WAT Warszawa
./mnt/data/Regaty\2023\Ekstraklasa\Runda 3\2023 Ekstraklasa - Olsztyn.csv,LEG,Legia Warszawa
./mnt/data/Regaty\2023\Ekstraklasa\Runda 3\2023 Ekstraklasa - Olsztyn.csv,POG,Pogoń Szczecin
./mnt/data/Regaty\2023\Ekstraklasa\Runda 3\2023 Ekstraklasa - Olsztyn.csv,YKS,YKP Szczecin
./mnt/data/Regaty\2023\Ekstraklasa\Runda 3\2023 Ekstraklasa - Olsztyn.csv,NSO,Nowy Sztynort Osada Wolności Giżycka Grupa Regatowa
./mnt/data/Regaty\2023\Ekstraklasa\Runda 3\2023 Ekstraklasa - Olsztyn.csv,AWF,AZS AWFiS Gdańsk
./mnt/data/Regaty\2023\Ekstraklasa\Runda 3\2023 Ekstraklasa - Olsztyn.csv,YCS,Yacht Club Sopot
./mnt/data/Regaty\2023\Ekstraklasa\Runda 3\2023 Ekstraklasa - Olsztyn.csv,ISK,KS Iskra AMW Gdynia
./mnt/data/Regaty\2023\Ekstraklasa\Runda 3\2023 Ekstraklasa - Olsztyn.csv,PGR,AZS Politechnika Gdańska
./mnt/data/Regaty\2023\Ekstraklasa\Runda 3\2023 Ekstraklasa - Olsztyn.csv,OKZ,Olsztyński Klub Żeglarski
./mnt/data/Regaty\2023\Ekstraklasa\Runda 3\2023 Ekstraklasa - Olsztyn.csv,POL,Polsporty Sailing
./mnt/data/Regaty\2023\Ekstraklasa\Runda 3\2023 Ekstraklasa - Olsztyn.csv,HRM,HRM Racing
./mnt/data/Regaty\2023\Ekstraklasa\Runda 3\2023 Ekstraklasa - Olsztyn.csv,SZT,Sztorm Grupa Warszawa
./mnt/data/Regaty\2023\Ekstraklasa\Runda 3\2023 Ekstraklasa - Olsztyn.csv,RSR,On Lemon Rockstars Racing
./mnt/data/Regaty\2023\Ekstraklasa\Runda 3\2023 Ekstraklasa - Olsztyn.csv,YKL,Lubelskie YKP Lublin
./mnt/data/Regaty\2023\Ekstraklasa\Runda 4\2023 Ekstraklasa - Sztynort.csv,PGR,AZS Politechnika Gdańska
./mnt/data/Regaty\2023\Ekstraklasa\Runda 4\2023 Ekstraklasa - Sztynort.csv,WRO,UKS Żeglarz Wrocław
./mnt/data/Regaty\2023\Ekstraklasa\Runda 4\2023 Ekstraklasa - Sztynort.csv,YCS,Yacht Club Sopot
./mnt/data/Regaty\2023\Ekstraklasa\Runda 4\2023 Ekstraklasa - Sztynort.csv,AWF,AZS AWFiS Gdańsk
./mnt/data/Regaty\2023\Ekstraklasa\Runda 4\2023 Ekstraklasa - Sztynort.csv,POG,Pogoń Szczecin
./mnt/data/Regaty\2023\Ekstraklasa\Runda 4\2023 Ekstraklasa - Sztynort.csv,RSR,On Lemon Rockstars Racing
./mnt/data/Regaty\2023\Ekstraklasa\Runda 4\2023 Ekstraklasa - Sztynort.csv,WAT,AZS WAT Warszawa
./mnt/data/Regaty\2023\Ekstraklasa\Runda 4\2023 Ekstraklasa - Sztynort.csv,YKS,YKP Szczecin
./mnt/data/Regaty\2023\Ekstraklasa\Runda 4\2023 Ekstraklasa - Sztynort.csv,ISK,KS Iskra AMW Gdynia
./mnt/data/Regaty\2023\Ekstraklasa\Runda 4\2023 Ekstraklasa - Sztynort.csv,NSO,Nowy Sztynort Osada Wolności Giżycka Grupa Regatowa
./mnt/data/Regaty\2023\Ekstraklasa\Runda 4\2023 Ekstraklasa - Sztynort.csv,HRM,HRM Racing
./mnt/data/Regaty\2023\Ekstraklasa\Runda 4\2023 Ekstraklasa - Sztynort.csv,YKP,YKP Gdynia
./mnt/data/Regaty\2023\Ekstraklasa\Runda 4\2023 Ekstraklasa - Sztynort.csv,YCG,Yacht Club Gdańsk
./mnt/data/Regaty\2023\Ekstraklasa\Runda 4\2023 Ekstraklasa - Sztynort.csv,YKL,Lubelskie YKP Lublin
./mnt/data/Regaty\2023\Ekstraklasa\Runda 4\2023 Ekstraklasa - Sztynort.csv,SZT,Sztorm Grupa Warszawa
./mnt/data/Regaty\2023\Ekstraklasa\Runda 4\2023 Ekstraklasa - Sztynort.csv,OKZ,Olsztyński Klub Żeglarski
./mnt/data/Regaty\2023\Ekstraklasa\Runda 4\2023 Ekstraklasa - Sztynort.csv,LEG,Legia Warszawa
./mnt/data/Regaty\2023\Ekstraklasa\Runda 4\2023 Ekstraklasa - Sztynort.csv,POL,Polsporty Sailing
./mnt/data/Regaty\2024\1Liga\Runda 1\2024 1 Liga - Nowy Sztynort.csv,ONB,Onboard
./mnt/data/Regaty\2024\1Liga\Runda 1\2024 1 Liga - Nowy Sztynort.csv,SLA,Slava Racing
./mnt/data/Regaty\2024\1Liga\Runda 1\2024 1 Liga - Nowy Sztynort.csv,ISK,KS Iskra AMW Gdynia
./mnt/data/Regaty\2024\1Liga\Runda 1\2024 1 Liga - Nowy Sztynort.csv,NIE,KS Marina Niesulice
./mnt/data/Regaty\2024\1Liga\Runda 1\2024 1 Liga - Nowy Sztynort.csv,GAR,KW Garland Gliwice
./mnt/data/Regaty\2024\1Liga\Runda 1\2024 1 Liga - Nowy Sztynort.csv,BSA,BSA Flota Gdynia
./mnt/data/Regaty\2024\1Liga\Runda 1\2024 1 Liga - Nowy Sztynort.csv,YKW,YKP Warszawa
./mnt/data/Regaty\2024\1Liga\Runda 1\2024 1 Liga - Nowy Sztynort.csv,MEC,Port Mechelinki
./mnt/data/Regaty\2024\1Liga\Runda 1\2024 1 Liga - Nowy Sztynort.csv,YCB,Yacht Club Białołęka
./mnt/data/Regaty\2024\1Liga\Runda 1\2024 1 Liga - Nowy Sztynort.csv,SZT,Sztorm Grupa Warszawa
./mnt/data/Regaty\2024\1Liga\Runda 1\2024 1 Liga - Nowy Sztynort.csv,PJK,Puchar Polski Jachtów Kabinowych
./mnt/data/Regaty\2024\1Liga\Runda 1\2024 1 Liga - Nowy Sztynort.csv,JSG,MOWI Jachtklub Stoczni Gdańskiej
./mnt/data/Regaty\2024\1Liga\Runda 1\2024 1 Liga - Nowy Sztynort.csv,HAL,KŻ Hals Gostynin
./mnt/data/Regaty\2024\1Liga\Runda 1\2024 1 Liga - Nowy Sztynort.csv,ODY,Odyssey Sailing Club
./mnt/data/Regaty\2024\1Liga\Runda 1\2024 1 Liga - Nowy Sztynort.csv,ETI,Etisoft 2KMM Sailing Team
./mnt/data/Regaty\2024\1Liga\Runda 1\2024 1 Liga - Nowy Sztynort.csv,OKZ,Olsztyński Klub Żeglarski
./mnt/data/Regaty\2024\1Liga\Runda 1\2024 1 Liga - Nowy Sztynort.csv,YS2,Yacht Club Sopot 2
./mnt/data/Regaty\2024\1Liga\Runda 1\2024 1 Liga - Nowy Sztynort.csv,NAV,UKS Navigo
./mnt/data/Regaty\2024\1Liga\Runda 2\2024 1 Liga - Sopot.csv,ISK,KS Iskra AMW Gdynia
./mnt/data/Regaty\2024\1Liga\Runda 2\2024 1 Liga - Sopot.csv,ONB,Onboard
./mnt/data/Regaty\2024\1Liga\Runda 2\2024 1 Liga - Sopot.csv,SZT,Sztorm Grupa Warszawa
./mnt/data/Regaty\2024\1Liga\Runda 2\2024 1 Liga - Sopot.csv,BSA,BSA Flota Gdynia
./mnt/data/Regaty\2024\1Liga\Runda 2\2024 1 Liga - Sopot.csv,NIE,KS Marina Niesulice
./mnt/data/Regaty\2024\1Liga\Runda 2\2024 1 Liga - Sopot.csv,GAR,KW Garland Gliwice
./mnt/data/Regaty\2024\1Liga\Runda 2\2024 1 Liga - Sopot.csv,HAL,KŻ Hals Gostynin
./mnt/data/Regaty\2024\1Liga\Runda 2\2024 1 Liga - Sopot.csv,YS2,Yacht Club Sopot 2
./mnt/data/Regaty\2024\1Liga\Runda 2\2024 1 Liga - Sopot.csv,SLA,Slava Racing
./mnt/data/Regaty\2024\1Liga\Runda 2\2024 1 Liga - Sopot.csv,OKZ,Olsztyński Klub Żeglarski
./mnt/data/Regaty\2024\1Liga\Runda 2\2024 1 Liga - Sopot.csv,ODY,Odyssey Sailing Club
./mnt/data/Regaty\2024\1Liga\Runda 2\2024 1 Liga - Sopot.csv,YCB,Yacht Club Białołęka
./mnt/data/Regaty\2024\1Liga\Runda 2\2024 1 Liga - Sopot.csv,MEC,Port Mechelinki
./mnt/data/Regaty\2024\1Liga\Runda 2\2024 1 Liga - Sopot.csv,YKW,YKP Warszawa
./mnt/data/Regaty\2024\1Liga\Runda 2\2024 1 Liga - Sopot.csv,NAV,UKS Navigo
./mnt/data/Regaty\2024\1Liga\Runda 2\2024 1 Liga - Sopot.csv,ETI,Etisoft 2KMM Sailing Team
./mnt/data/Regaty\2024\1Liga\Runda 2\2024 1 Liga - Sopot.csv,JSG,MOWI Jachtklub Stoczni Gdańskiej
./mnt/data/Regaty\2024\1Liga\Runda 2\2024 1 Liga - Sopot.csv,PJK,Puchar Polski Jachtów Kabinowych
./mnt/data/Regaty\2024\1Liga\Runda 3\2024 1 Liga - Gdynia.csv,MEC,Port Mechelinki
./mnt/data/Regaty\2024\1Liga\Runda 3\2024 1 Liga - Gdynia.csv,GAR,KW Garland Gliwice
./mnt/data/Regaty\2024\1Liga\Runda 3\2024 1 Liga - Gdynia.csv,SZT,Sztorm Grupa Warszawa
./mnt/data/Regaty\2024\1Liga\Runda 3\2024 1 Liga - Gdynia.csv,YCB,Yacht Club Białołęka
./mnt/data/Regaty\2024\1Liga\Runda 3\2024 1 Liga - Gdynia.csv,ISK,KS Iskra AMW Gdynia
./mnt/data/Regaty\2024\1Liga\Runda 3\2024 1 Liga - Gdynia.csv,NAV,UKS Navigo
./mnt/data/Regaty\2024\1Liga\Runda 3\2024 1 Liga - Gdynia.csv,NIE,KS Marina Niesulice
./mnt/data/Regaty\2024\1Liga\Runda 3\2024 1 Liga - Gdynia.csv,ONB,Onboard
./mnt/data/Regaty\2024\1Liga\Runda 3\2024 1 Liga - Gdynia.csv,OKZ,Olsztyński Klub Żeglarski
./mnt/data/Regaty\2024\1Liga\Runda 3\2024 1 Liga - Gdynia.csv,BSA,BSA Flota Gdynia
./mnt/data/Regaty\2024\1Liga\Runda 3\2024 1 Liga - Gdynia.csv,YS2,Yacht Club Sopot 2
./mnt/data/Regaty\2024\1Liga\Runda 3\2024 1 Liga - Gdynia.csv,PJK,Puchar Polski Jachtów Kabinowych
./mnt/data/Regaty\2024\1Liga\Runda 3\2024 1 Liga - Gdynia.csv,HAL,KŻ Hals Gostynin
./mnt/data/Regaty\2024\1Liga\Runda 3\2024 1 Liga - Gdynia.csv,JSG,MOWI Jachtklub Stoczni Gdańskiej
./mnt/data/Regaty\2024\1Liga\Runda 3\2024 1 Liga - Gdynia.csv,ODY,Odyssey Sailing Club
./mnt/data/Regaty\2024\1Liga\Runda 3\2024 1 Liga - Gdynia.csv,ETI,Etisoft 2KMM Sailing Team
./mnt/data/Regaty\2024\1Liga\Runda 3\2024 1 Liga - Gdynia.csv,SLA,Slava Racing
./mnt/data/Regaty\2024\1Liga\Runda 3\2024 1 Liga - Gdynia.csv,YKW,YKP Warszawa
./mnt/data/Regaty\2024\1Liga\Runda 4\2024 1 Liga - Szczecin.csv,SZT,
./mnt/data/Regaty\2024\1Liga\Runda 4\2024 1 Liga - Szczecin.csv,OKZ,
./mnt/data/Regaty\2024\1Liga\Runda 4\2024 1 Liga - Szczecin.csv,JSG,
./mnt/data/Regaty\2024\1Liga\Runda 4\2024 1 Liga - Szczecin.csv,NIE,
./mnt/data/Regaty\2024\1Liga\Runda 4\2024 1 Liga - Szczecin.csv,ONB,
./mnt/data/Regaty\2024\1Liga\Runda 4\2024 1 Liga - Szczecin.csv,ISK,
./mnt/data/Regaty\2024\1Liga\Runda 4\2024 1 Liga - Szczecin.csv,MEC,
./mnt/data/Regaty\2024\1Liga\Runda 4\2024 1 Liga - Szczecin.csv,YCB,
./mnt/data/Regaty\2024\1Liga\Runda 4\2024 1 Liga - Szczecin.csv,SLA,
./mnt/data/Regaty\2024\1Liga\Runda 4\2024 1 Liga - Szczecin.csv,GAR,
./mnt/data/Regaty\2024\1Liga\Runda 4\2024 1 Liga - Szczecin.csv,NAV,
./mnt/data/Regaty\2024\1Liga\Runda 4\2024 1 Liga - Szczecin.csv,PJK,
./mnt/data/Regaty\2024\1Liga\Runda 4\2024 1 Liga - Szczecin.csv,BSA,
./mnt/data/Regaty\2024\1Liga\Runda 4\2024 1 Liga - Szczecin.csv,YKW,
./mnt/data/Regaty\2024\1Liga\Runda 4\2024 1 Liga - Szczecin.csv,ODY,
./mnt/data/Regaty\2024\1Liga\Runda 4\2024 1 Liga - Szczecin.csv,YS2,
./mnt/data/Regaty\2024\1Liga\Runda 4\2024 1 Liga - Szczecin.csv,ETI,
./mnt/data/Regaty\2024\1Liga\Runda 4\2024 1 Liga - Szczecin.csv,HAL,
./mnt/data/Regaty\2024\Ekstraklasa\Runda 1\2024 Ekstraklasa - Nowy Sztynort.csv,YCS,Yacht Club Sopot
./mnt/data/Regaty\2024\Ekstraklasa\Runda 1\2024 Ekstraklasa - Nowy Sztynort.csv,YKS,YKP Szczecin
./mnt/data/Regaty\2024\Ekstraklasa\Runda 1\2024 Ekstraklasa - Nowy Sztynort.csv,HRM,HRM Racing
./mnt/data/Regaty\2024\Ekstraklasa\Runda 1\2024 Ekstraklasa - Nowy Sztynort.csv,SPO,Sport Vita Ski&Sail
./mnt/data/Regaty\2024\Ekstraklasa\Runda 1\2024 Ekstraklasa - Nowy Sztynort.csv,POG,Pogoń Szczecin
./mnt/data/Regaty\2024\Ekstraklasa\Runda 1\2024 Ekstraklasa - Nowy Sztynort.csv,NSO,Nowy Sztynort Osada Wolności Giżycka Grupa Regatowa
./mnt/data/Regaty\2024\Ekstraklasa\Runda 1\2024 Ekstraklasa - Nowy Sztynort.csv,YKL,Lubelskie YKP Lublin
./mnt/data/Regaty\2024\Ekstraklasa\Runda 1\2024 Ekstraklasa - Nowy Sztynort.csv,YCG,Yacht Club Gdańsk
./mnt/data/Regaty\2024\Ekstraklasa\Runda 1\2024 Ekstraklasa - Nowy Sztynort.csv,WAT,AZS WAT Warszawa
./mnt/data/Regaty\2024\Ekstraklasa\Runda 1\2024 Ekstraklasa - Nowy Sztynort.csv,RSR,On Lemon Rockstars Racing
./mnt/data/Regaty\2024\Ekstraklasa\Runda 1\2024 Ekstraklasa - Nowy Sztynort.csv,YKP,YKP Gdynia
./mnt/data/Regaty\2024\Ekstraklasa\Runda 1\2024 Ekstraklasa - Nowy Sztynort.csv,LEG,Legia Warszawa
./mnt/data/Regaty\2024\Ekstraklasa\Runda 1\2024 Ekstraklasa - Nowy Sztynort.csv,WRO,UKS Żeglarz Wrocław
./mnt/data/Regaty\2024\Ekstraklasa\Runda 1\2024 Ekstraklasa - Nowy Sztynort.csv,WOL,UKS Albatros Wolin
./mnt/data/Regaty\2024\Ekstraklasa\Runda 1\2024 Ekstraklasa - Nowy Sztynort.csv,AWF,AZS AWFiS Gdańsk
./mnt/data/Regaty\2024\Ekstraklasa\Runda 1\2024 Ekstraklasa - Nowy Sztynort.csv,KKZ,Kościański Klub Żeglarski
./mnt/data/Regaty\2024\Ekstraklasa\Runda 1\2024 Ekstraklasa - Nowy Sztynort.csv,OCC,Ocean Challenge Yacht Club
./mnt/data/Regaty\2024\Ekstraklasa\Runda 1\2024 Ekstraklasa - Nowy Sztynort.csv,PGR,AZS Politechnika Gdańska
./mnt/data/Regaty\2024\Ekstraklasa\Runda 2\2024 Ekstraklasa - Sopot.csv,POG,Pogoń Szczecin
./mnt/data/Regaty\2024\Ekstraklasa\Runda 2\2024 Ekstraklasa - Sopot.csv,YKP,YKP Gdynia
./mnt/data/Regaty\2024\Ekstraklasa\Runda 2\2024 Ekstraklasa - Sopot.csv,HRM,HRM Racing
./mnt/data/Regaty\2024\Ekstraklasa\Runda 2\2024 Ekstraklasa - Sopot.csv,YCG,Yacht Club Gdańsk
./mnt/data/Regaty\2024\Ekstraklasa\Runda 2\2024 Ekstraklasa - Sopot.csv,LEG,Legia Warszawa
./mnt/data/Regaty\2024\Ekstraklasa\Runda 2\2024 Ekstraklasa - Sopot.csv,YKS,YKP Szczecin
./mnt/data/Regaty\2024\Ekstraklasa\Runda 2\2024 Ekstraklasa - Sopot.csv,YCS,Yacht Club Sopot
./mnt/data/Regaty\2024\Ekstraklasa\Runda 2\2024 Ekstraklasa - Sopot.csv,NSO,Nowy Sztynort Osada Wolności Giżycka Grupa Regatowa
./mnt/data/Regaty\2024\Ekstraklasa\Runda 2\2024 Ekstraklasa - Sopot.csv,RSR,On Lemon Rockstars Racing
./mnt/data/Regaty\2024\Ekstraklasa\Runda 2\2024 Ekstraklasa - Sopot.csv,WAT,AZS WAT Warszawa
./mnt/data/Regaty\2024\Ekstraklasa\Runda 2\2024 Ekstraklasa - Sopot.csv,OCC,Ocean Challenge Yacht Club
./mnt/data/Regaty\2024\Ekstraklasa\Runda 2\2024 Ekstraklasa - Sopot.csv,AWF,AZS AWFiS Gdańsk
./mnt/data/Regaty\2024\Ekstraklasa\Runda 2\2024 Ekstraklasa - Sopot.csv,YKL,Lubelskie YKP Lublin
./mnt/data/Regaty\2024\Ekstraklasa\Runda 2\2024 Ekstraklasa - Sopot.csv,WOL,UKS Albatros Wolin
./mnt/data/Regaty\2024\Ekstraklasa\Runda 2\2024 Ekstraklasa - Sopot.csv,WRO,UKS Żeglarz Wrocław
./mnt/data/Regaty\2024\Ekstraklasa\Runda 2\2024 Ekstraklasa - Sopot.csv,SPO,Sport Vita Ski&Sail
./mnt/data/Regaty\2024\Ekstraklasa\Runda 2\2024 Ekstraklasa - Sopot.csv,PGR,AZS Politechnika Gdańska
./mnt/data/Regaty\2024\Ekstraklasa\Runda 2\2024 Ekstraklasa - Sopot.csv,KKZ,Kościański Klub Żeglarski
./mnt/data/Regaty\2024\Ekstraklasa\Runda 3\2024 Ekstraklasa - Gdynia.csv,NSO,Nowy Sztynort Osada Wolności Giżycka Grupa Regatowa
./mnt/data/Regaty\2024\Ekstraklasa\Runda 3\2024 Ekstraklasa - Gdynia.csv,WRO,UKS Żeglarz Wrocław
./mnt/data/Regaty\2024\Ekstraklasa\Runda 3\2024 Ekstraklasa - Gdynia.csv,WAT,AZS WAT Warszawa
./mnt/data/Regaty\2024\Ekstraklasa\Runda 3\2024 Ekstraklasa - Gdynia.csv,YKP,YKP Gdynia
./mnt/data/Regaty\2024\Ekstraklasa\Runda 3\2024 Ekstraklasa - Gdynia.csv,YCS,Yacht Club Sopot
./mnt/data/Regaty\2024\Ekstraklasa\Runda 3\2024 Ekstraklasa - Gdynia.csv,AWF,AZS AWFiS Gdańsk
./mnt/data/Regaty\2024\Ekstraklasa\Runda 3\2024 Ekstraklasa - Gdynia.csv,YCG,Yacht Club Gdańsk
./mnt/data/Regaty\2024\Ekstraklasa\Runda 3\2024 Ekstraklasa - Gdynia.csv,SPO,Sport Vita Ski&Sail
./mnt/data/Regaty\2024\Ekstraklasa\Runda 3\2024 Ekstraklasa - Gdynia.csv,RSR,On Lemon Rockstars Racing
./mnt/data/Regaty\2024\Ekstraklasa\Runda 3\2024 Ekstraklasa - Gdynia.csv,WOL,UKS Albatros Wolin
./mnt/data/Regaty\2024\Ekstraklasa\Runda 3\2024 Ekstraklasa - Gdynia.csv,LEG,Legia Warszawa
./mnt/data/Regaty\2024\Ekstraklasa\Runda 3\2024 Ekstraklasa - Gdynia.csv,POG,Pogoń Szczecin
./mnt/data/Regaty\2024\Ekstraklasa\Runda 3\2024 Ekstraklasa - Gdynia.csv,HRM,HRM Racing
./mnt/data/Regaty\2024\Ekstraklasa\Runda 3\2024 Ekstraklasa - Gdynia.csv,KKZ,Kościański Klub Żeglarski
./mnt/data/Regaty\2024\Ekstraklasa\Runda 3\2024 Ekstraklasa - Gdynia.csv,YKL,Lubelskie YKP Lublin
./mnt/data/Regaty\2024\Ekstraklasa\Runda 3\2024 Ekstraklasa - Gdynia.csv,YKS,YKP Szczecin
./mnt/data/Regaty\2024\Ekstraklasa\Runda 3\2024 Ekstraklasa - Gdynia.csv,OCC,Ocean Challenge Yacht Club
./mnt/data/Regaty\2024\Ekstraklasa\Runda 3\2024 Ekstraklasa - Gdynia.csv,PGR,AZS Politechnika Gdańska
./mnt/data/Regaty\2024\Ekstraklasa\Runda 4\2024 Ekstraklasa - Szczecin.csv,YCG,
./mnt/data/Regaty\2024\Ekstraklasa\Runda 4\2024 Ekstraklasa - Szczecin.csv,YCS,
./mnt/data/Regaty\2024\Ekstraklasa\Runda 4\2024 Ekstraklasa - Szczecin.csv,NSO,
./mnt/data/Regaty\2024\Ekstraklasa\Runda 4\2024 Ekstraklasa - Szczecin.csv,YKL,
./mnt/data/Regaty\2024\Ekstraklasa\Runda 4\2024 Ekstraklasa - Szczecin.csv,POG,
./mnt/data/Regaty\2024\Ekstraklasa\Runda 4\2024 Ekstraklasa - Szczecin.csv,PGR,
./mnt/data/Regaty\2024\Ekstraklasa\Runda 4\2024 Ekstraklasa - Szczecin.csv,SPO,
./mnt/data/Regaty\2024\Ekstraklasa\Runda 4\2024 Ekstraklasa - Szczecin.csv,RSR,
./mnt/data/Regaty\2024\Ekstraklasa\Runda 4\2024 Ekstraklasa - Szczecin.csv,AWF,
./mnt/data/Regaty\2024\Ekstraklasa\Runda 4\2024 Ekstraklasa - Szczecin.csv,HRM,
./mnt/data/Regaty\2024\Ekstraklasa\Runda 4\2024 Ekstraklasa - Szczecin.csv,WRO,
./mnt/data/Regaty\2024\Ekstraklasa\Runda 4\2024 Ekstraklasa - Szczecin.csv,LEG,
./mnt/data/Regaty\2024\Ekstraklasa\Runda 4\2024 Ekstraklasa - Szczecin.csv,OCC,
./mnt/data/Regaty\2024\Ekstraklasa\Runda 4\2024 Ekstraklasa - Szczecin.csv,WAT,
./mnt/data/Regaty\2024\Ekstraklasa\Runda 4\2024 Ekstraklasa - Szczecin.csv,YKS,
./mnt/data/Regaty\2024\Ekstraklasa\Runda 4\2024 Ekstraklasa - Szczecin.csv,WOL,
./mnt/data/Regaty\2024\Ekstraklasa\Runda 4\2024 Ekstraklasa - Szczecin.csv,YKP,
./mnt/data/Regaty\2024\Ekstraklasa\Runda 4\2024 Ekstraklasa - Szczecin.csv,KKZ,
./mnt/data/Regaty\2024\WOW\2024 WOW - Sopot.csv,YKP Szczecin,
./mnt/data/Regaty\2024\WOW\2024 WOW - Sopot.csv,AZS Uniwersytet Warszawski,
./mnt/data/Regaty\2024\WOW\2024 WOW - Sopot.csv,Olsztyński Klub Żeglarski,
./mnt/data/Regaty\2024\WOW\2024 WOW - Sopot.csv,MOWI Women Sailing Team,
./mnt/data/Regaty\2024\WOW\2024 WOW - Sopot.csv,Energa GGR,
./mnt/data/Regaty\2024\WOW\2024 WOW - Sopot.csv,Regatowa Reprezentacja Szczecina,
./mnt/data/Regaty\2024\WOW\2024 WOW - Sopot.csv,Inplag Sailing Sisters,
./mnt/data/Regaty\2024\WOW\2024 WOW - Sopot.csv,YKP Szczecin 2 / COR,
./mnt/data/Regaty\2024\WOW\2024 WOW - Sopot.csv,Auto Podlasie,
./mnt/data/Regaty\2024\WOW\2024 WOW - Sopot.csv,Vega Cleo Sailing Team / COR,
./mnt/data/Regaty\2024\WOW\2024 WOW - Sopot.csv,YKP Warszawa / COR,
./mnt/data/Regaty\2024\WOW\2024 WOW - Sopot.csv,Sailing Factory Club / COR,
./mnt/data/Regaty\2024\WOW\2024 WOW - Sopot.csv,Sunloox Sailing Team USA / COR,
./mnt/data/Regaty\2024\WOW\2024 WOW - Sopot.csv,4ATEAM / COR,
